/*
	Wonder related modifiers for new City State Types
	Authors: lornard, SeelingCat
*/

-----------------------------------------------
-- Types
-----------------------------------------------

INSERT INTO Types 
				(Type, 																	Kind)
VALUES			('CVS_MODIFIER_KILWA_SINGLE_CITY_ADJUST_AMENITIES_FROM_CITY_STATES',	'KIND_MODIFIER'),
				('CVS_MODIFIER_KILWA_PLAYER_CITIES_ADJUST_AMENITIES_FROM_CITY_STATES',	'KIND_MODIFIER'),
				('CVS_MODIFIER_KILWA_SINGLE_CITY_ADJUST_IDENTITY_PER_CITIZEN',			'KIND_MODIFIER');


CREATE TABLE IF NOT EXISTS 
				SC_TEMP_BuildingModifiers (
				Temp_BuildingType						text								default null,
				Temp_ModifierId							text								default null);


-----------------------------------------------
-- Building Modifiers
-----------------------------------------------

INSERT INTO SC_TEMP_BuildingModifiers
				(Temp_BuildingType,						Temp_ModifierId)
VALUES			('BUILDING_KILWA_KISIWANI',				'CVS_CITYSTATE_KILWA_SINGLE_ADDFOODYIELD'),

				('BUILDING_KILWA_KISIWANI',				'CVS_CITYSTATE_KILWA_PLAYERCITIES_ADDFOODYIELD');

INSERT INTO BuildingModifiers
				(BuildingType,							ModifierId)
SELECT 			Temp_BuildingType,						Temp_ModifierId
FROM 			SC_TEMP_BuildingModifiers
WHERE EXISTS (SELECT * FROM CSE_UserSettings WHERE Setting = 'CSE_AGRICULTURAL' AND Section = 'DISABLED' AND Value = 0)
AND EXISTS (SELECT * FROM Buildings WHERE BuildingType = 'BUILDING_KILWA_KISIWANI');

DELETE FROM SC_TEMP_BuildingModifiers
WHERE			Temp_BuildingType = 'BUILDING_KILWA_KISIWANI';



INSERT INTO SC_TEMP_BuildingModifiers
				(Temp_BuildingType,						Temp_ModifierId)
VALUES			('BUILDING_KILWA_KISIWANI',				'CVS_CITYSTATE_KILWA_SINGLE_ADDCITIZENLOYALTY_DARK'),
				('BUILDING_KILWA_KISIWANI',				'CVS_CITYSTATE_KILWA_SINGLE_ADDCITIZENLOYALTY_NORMAL'),
				('BUILDING_KILWA_KISIWANI',				'CVS_CITYSTATE_KILWA_SINGLE_ADDCITIZENLOYALTY_GOLDEN'),

				('BUILDING_KILWA_KISIWANI',				'CVS_CITYSTATE_KILWA_PLAYERCITIES_ADDCITIZENLOYALTY_DARK'),
				('BUILDING_KILWA_KISIWANI',				'CVS_CITYSTATE_KILWA_PLAYERCITIES_ADDCITIZENLOYALTY_NORMAL'),
				('BUILDING_KILWA_KISIWANI',				'CVS_CITYSTATE_KILWA_PLAYERCITIES_ADDCITIZENLOYALTY_GOLDEN');

INSERT INTO BuildingModifiers
				(BuildingType,							ModifierId)
SELECT 			Temp_BuildingType,						Temp_ModifierId
FROM 			SC_TEMP_BuildingModifiers
WHERE EXISTS (SELECT * FROM CSE_UserSettings WHERE Setting = 'CSE_CONSULAR' AND Section = 'DISABLED' AND Value = 0)
AND EXISTS (SELECT * FROM Buildings WHERE BuildingType = 'BUILDING_KILWA_KISIWANI');

DELETE FROM SC_TEMP_BuildingModifiers
WHERE			Temp_BuildingType = 'BUILDING_KILWA_KISIWANI';



INSERT INTO SC_TEMP_BuildingModifiers
				(Temp_BuildingType,						Temp_ModifierId)
VALUES			('BUILDING_KILWA_KISIWANI',				'CVS_CITYSTATE_KILWA_SINGLE_ADDAMENITY'),

				('BUILDING_KILWA_KISIWANI',				'CVS_CITYSTATE_KILWA_PLAYERCITIES_ADDAMENITY');

INSERT INTO BuildingModifiers
				(BuildingType,							ModifierId)
SELECT 			Temp_BuildingType,						Temp_ModifierId
FROM 			SC_TEMP_BuildingModifiers
WHERE EXISTS (SELECT * FROM CSE_UserSettings WHERE Setting = 'CSE_ENTERTAINMENT' AND Section = 'DISABLED' AND Value = 0)
AND EXISTS (SELECT * FROM Buildings WHERE BuildingType = 'BUILDING_KILWA_KISIWANI');

DELETE FROM SC_TEMP_BuildingModifiers
WHERE			Temp_BuildingType = 'BUILDING_KILWA_KISIWANI';



INSERT INTO SC_TEMP_BuildingModifiers
				(Temp_BuildingType,						Temp_ModifierId)
VALUES			('BUILDING_KILWA_KISIWANI',				'CVS_CITYSTATE_KILWA_SINGLE_ADDHARBORFOOD'),
				('BUILDING_KILWA_KISIWANI',				'CVS_CITYSTATE_KILWA_SINGLE_ADDHARBORPRODUCTION'),
				
				('BUILDING_KILWA_KISIWANI',				'CVS_CITYSTATE_KILWA_PLAYERCITIES_ADDHARBORFOOD'),
				('BUILDING_KILWA_KISIWANI',				'CVS_CITYSTATE_KILWA_PLAYERCITIES_ADDHARBORPRODUCTION');

INSERT INTO BuildingModifiers
				(BuildingType,							ModifierId)
SELECT 			Temp_BuildingType,						Temp_ModifierId
FROM 			SC_TEMP_BuildingModifiers
WHERE EXISTS (SELECT * FROM CSE_UserSettings WHERE Setting = 'CSE_MARITIME' AND Section = 'DISABLED' AND Value = 0)
AND EXISTS (SELECT * FROM Buildings WHERE BuildingType = 'BUILDING_KILWA_KISIWANI');

DELETE FROM SC_TEMP_BuildingModifiers
WHERE			Temp_BuildingType = 'BUILDING_KILWA_KISIWANI';

-----------------------------------------------
-- DynamicModifiers
-----------------------------------------------
INSERT INTO DynamicModifiers
				(ModifierType,															CollectionType,						EffectType)
VALUES			('CVS_MODIFIER_KILWA_SINGLE_CITY_ADJUST_AMENITIES_FROM_CITY_STATES',	'COLLECTION_OWNER',					'EFFECT_ADJUST_CITY_AMENITIES_FROM_CITY_STATES'),
				('CVS_MODIFIER_KILWA_PLAYER_CITIES_ADJUST_AMENITIES_FROM_CITY_STATES',	'COLLECTION_PLAYER_CITIES',			'EFFECT_ADJUST_CITY_AMENITIES_FROM_CITY_STATES'),
				('CVS_MODIFIER_KILWA_SINGLE_CITY_ADJUST_IDENTITY_PER_CITIZEN',			'COLLECTION_PLAYER_CAPITAL_CITY',	'EFFECT_ADJUST_CITY_IDENTITY_PER_CITIZEN');

-----------------------------------------------
-- Modifiers
-----------------------------------------------
INSERT INTO Modifiers 
				(ModifierId, 													ModifierType, 															OwnerRequirementSetId, 	SubjectRequirementSetId)	
VALUES			('CVS_CITYSTATE_KILWA_SINGLE_ADDFOODYIELD', 					'MODIFIER_SINGLE_CITY_ADJUST_CITY_YIELD_MODIFIER', 						NULL, 					'CVS_CITYSTATE_AGRICULTURAL_SUZERAIN_1_REQUIREMENTSET'),

				('CVS_CITYSTATE_KILWA_SINGLE_ADDCITIZENLOYALTY_DARK', 			'CVS_MODIFIER_CITYSTATE_SINGLE_CITY_ADJUST_IDENTITY_PER_CITIZEN', 		NULL, 					'CVS_CITYSTATE_CONSULAR_SUZERAIN_1_DARK_AGE_REQUIREMENTSET'),
				('CVS_CITYSTATE_KILWA_SINGLE_ADDCITIZENLOYALTY_NORMAL', 		'CVS_MODIFIER_CITYSTATE_SINGLE_CITY_ADJUST_IDENTITY_PER_CITIZEN', 		NULL, 					'CVS_CITYSTATE_CONSULAR_SUZERAIN_1_NORMAL_AGE_REQUIREMENTSET'),
				('CVS_CITYSTATE_KILWA_SINGLE_ADDCITIZENLOYALTY_GOLDEN', 		'CVS_MODIFIER_CITYSTATE_SINGLE_CITY_ADJUST_IDENTITY_PER_CITIZEN', 		NULL, 					'CVS_CITYSTATE_CONSULAR_SUZERAIN_1_GOLDEN_AGE_REQUIREMENTSET'),

				('CVS_CITYSTATE_KILWA_SINGLE_ADDAMENITY',						'CVS_MODIFIER_KILWA_SINGLE_CITY_ADJUST_AMENITIES_FROM_CITY_STATES',		NULL, 					'CVS_CITYSTATE_ENTERTAINMENT_SUZERAIN_1_REQUIREMENTSET'),

				('CVS_CITYSTATE_KILWA_SINGLE_ADDHARBORFOOD', 					'MODIFIER_SINGLE_CITY_ADJUST_CITY_YIELD_MODIFIER', 						NULL, 					'CVS_CITYSTATE_MARITIME_SUZERAIN_1_REQUIREMENTSET'),
				('CVS_CITYSTATE_KILWA_SINGLE_ADDHARBORPRODUCTION', 				'MODIFIER_SINGLE_CITY_ADJUST_CITY_YIELD_MODIFIER',						NULL, 					'CVS_CITYSTATE_MARITIME_SUZERAIN_1_REQUIREMENTSET'),

				('CVS_CITYSTATE_KILWA_PLAYERCITIES_ADDFOODYIELD', 				'MODIFIER_PLAYER_CITIES_ADJUST_CITY_YIELD_MODIFIER', 					NULL,					'CVS_CITYSTATE_AGRICULTURAL_SUZERAIN_2_REQUIREMENTSET'),

				('CVS_CITYSTATE_KILWA_PLAYERCITIES_ADDCITIZENLOYALTY_DARK', 	'MODIFIER_PLAYER_CITIES_ADJUST_IDENTITY_PER_CITIZEN', 					NULL, 					'CVS_CITYSTATE_CONSULAR_SUZERAIN_2_DARK_AGE_REQUIREMENTSET'),
				('CVS_CITYSTATE_KILWA_PLAYERCITIES_ADDCITIZENLOYALTY_NORMAL', 	'MODIFIER_PLAYER_CITIES_ADJUST_IDENTITY_PER_CITIZEN', 					NULL, 					'CVS_CITYSTATE_CONSULAR_SUZERAIN_2_NORMAL_AGE_REQUIREMENTSET'),
				('CVS_CITYSTATE_KILWA_PLAYERCITIES_ADDCITIZENLOYALTY_GOLDEN', 	'MODIFIER_PLAYER_CITIES_ADJUST_IDENTITY_PER_CITIZEN', 					NULL, 					'CVS_CITYSTATE_CONSULAR_SUZERAIN_2_GOLDEN_AGE_REQUIREMENTSET'),

				('CVS_CITYSTATE_KILWA_PLAYERCITIES_ADDAMENITY',					'CVS_MODIFIER_KILWA_PLAYER_CITIES_ADJUST_AMENITIES_FROM_CITY_STATES', 	NULL, 					'CVS_CITYSTATE_ENTERTAINMENT_SUZERAIN_2_REQUIREMENTSET'),

				('CVS_CITYSTATE_KILWA_PLAYERCITIES_ADDHARBORFOOD', 				'MODIFIER_PLAYER_CITIES_ADJUST_CITY_YIELD_MODIFIER', 					NULL, 					'CVS_CITYSTATE_MARITIME_SUZERAIN_2_REQUIREMENTSET'),
				('CVS_CITYSTATE_KILWA_PLAYERCITIES_ADDHARBORPRODUCTION', 		'MODIFIER_PLAYER_CITIES_ADJUST_CITY_YIELD_MODIFIER', 					NULL, 					'CVS_CITYSTATE_MARITIME_SUZERAIN_2_REQUIREMENTSET');

-----------------------------------------------
-- ModifierArguments
-----------------------------------------------
INSERT INTO ModifierArguments 
				(ModifierId, 													Name, 				Value)
VALUES			('CVS_CITYSTATE_KILWA_SINGLE_ADDFOODYIELD', 					'YieldType', 		'YIELD_FOOD'),
				('CVS_CITYSTATE_KILWA_SINGLE_ADDFOODYIELD', 					'Amount', 			15),

				('CVS_CITYSTATE_KILWA_SINGLE_ADDCITIZENLOYALTY_DARK', 			'Amount', 			0.075),
				('CVS_CITYSTATE_KILWA_SINGLE_ADDCITIZENLOYALTY_NORMAL', 		'Amount', 			0.15),
				('CVS_CITYSTATE_KILWA_SINGLE_ADDCITIZENLOYALTY_GOLDEN', 		'Amount', 			0.225),

				('CVS_CITYSTATE_KILWA_SINGLE_ADDAMENITY', 						'Amount', 			1),

				('CVS_CITYSTATE_KILWA_SINGLE_ADDHARBORFOOD', 					'YieldType', 		'YIELD_FOOD'),
				('CVS_CITYSTATE_KILWA_SINGLE_ADDHARBORFOOD', 					'Amount', 			7.5),
				('CVS_CITYSTATE_KILWA_SINGLE_ADDHARBORPRODUCTION', 				'YieldType', 		'YIELD_PRODUCTION'),
				('CVS_CITYSTATE_KILWA_SINGLE_ADDHARBORPRODUCTION', 				'Amount', 			7.5),

				('CVS_CITYSTATE_KILWA_PLAYERCITIES_ADDFOODYIELD', 				'YieldType', 		'YIELD_FOOD'),
				('CVS_CITYSTATE_KILWA_PLAYERCITIES_ADDFOODYIELD', 				'Amount', 			15),

				('CVS_CITYSTATE_KILWA_PLAYERCITIES_ADDCITIZENLOYALTY_DARK', 	'Amount', 			0.075),
				('CVS_CITYSTATE_KILWA_PLAYERCITIES_ADDCITIZENLOYALTY_NORMAL', 	'Amount', 			0.15),
				('CVS_CITYSTATE_KILWA_PLAYERCITIES_ADDCITIZENLOYALTY_GOLDEN', 	'Amount', 			0.225),

				('CVS_CITYSTATE_KILWA_PLAYERCITIES_ADDAMENITY', 				'Amount', 			1),

				('CVS_CITYSTATE_KILWA_PLAYERCITIES_ADDHARBORFOOD', 				'YieldType', 		'YIELD_FOOD'),
				('CVS_CITYSTATE_KILWA_PLAYERCITIES_ADDHARBORFOOD', 				'Amount', 			7.5),
				('CVS_CITYSTATE_KILWA_PLAYERCITIES_ADDHARBORPRODUCTION', 		'YieldType', 		'YIELD_PRODUCTION'),
				('CVS_CITYSTATE_KILWA_PLAYERCITIES_ADDHARBORPRODUCTION', 		'Amount', 			7.5);

-----------------------------------------------
-- RequirementSets
-----------------------------------------------
INSERT INTO RequirementSets 
				(RequirementSetId, 												RequirementSetType)
VALUES			('CVS_CITYSTATE_AGRICULTURAL_SUZERAIN_1_REQUIREMENTSET',		'REQUIREMENTSET_TEST_ANY'),

				('CVS_CITYSTATE_CONSULAR_SUZERAIN_1_DARK_AGE_REQUIREMENTSET', 	'REQUIREMENTSET_TEST_ALL'),
				('CVS_CITYSTATE_CONSULAR_SUZERAIN_1_NORMAL_AGE_REQUIREMENTSET', 'REQUIREMENTSET_TEST_ALL'),
				('CVS_CITYSTATE_CONSULAR_SUZERAIN_1_GOLDEN_AGE_REQUIREMENTSET', 'REQUIREMENTSET_TEST_ALL'),

				('CVS_CITYSTATE_ENTERTAINMENT_SUZERAIN_1_REQUIREMENTSET', 		'REQUIREMENTSET_TEST_ANY'),

				('CVS_CITYSTATE_MARITIME_SUZERAIN_1_REQUIREMENTSET', 			'REQUIREMENTSET_TEST_ANY'),

				('CVS_CITYSTATE_AGRICULTURAL_SUZERAIN_2_REQUIREMENTSET',		'REQUIREMENTSET_TEST_ANY'),

				('CVS_CITYSTATE_CONSULAR_SUZERAIN_2_DARK_AGE_REQUIREMENTSET', 	'REQUIREMENTSET_TEST_ALL'),
				('CVS_CITYSTATE_CONSULAR_SUZERAIN_2_NORMAL_AGE_REQUIREMENTSET', 'REQUIREMENTSET_TEST_ALL'),
				('CVS_CITYSTATE_CONSULAR_SUZERAIN_2_GOLDEN_AGE_REQUIREMENTSET', 'REQUIREMENTSET_TEST_ALL'),

				('CVS_CITYSTATE_ENTERTAINMENT_SUZERAIN_2_REQUIREMENTSET', 		'REQUIREMENTSET_TEST_ANY'),
				('CVS_CITYSTATE_MARITIME_SUZERAIN_2_REQUIREMENTSET', 			'REQUIREMENTSET_TEST_ANY');

-----------------------------------------------
-- RequirementSetRequirements
-----------------------------------------------
INSERT INTO RequirementSetRequirements 
				(RequirementSetId, 												RequirementId)
VALUES			('CVS_CITYSTATE_AGRICULTURAL_SUZERAIN_1_REQUIREMENTSET',		'CVS_CITYSTATE_REQUIRES_1_SUZERAIN_AGRICULTURAL_LEADER'),

				('CVS_CITYSTATE_CONSULAR_SUZERAIN_1_DARK_AGE_REQUIREMENTSET', 	'CVS_CITYSTATE_REQUIRES_1_SUZERAIN_CONSULAR_LEADER'),
				('CVS_CITYSTATE_CONSULAR_SUZERAIN_1_DARK_AGE_REQUIREMENTSET', 	'CVS_CITYSTATE_REQUIRES_PLAYER_HAS_DARK_AGE'),
				('CVS_CITYSTATE_CONSULAR_SUZERAIN_1_NORMAL_AGE_REQUIREMENTSET', 'CVS_CITYSTATE_REQUIRES_1_SUZERAIN_CONSULAR_LEADER'),
				('CVS_CITYSTATE_CONSULAR_SUZERAIN_1_NORMAL_AGE_REQUIREMENTSET', 'CVS_CITYSTATE_REQUIRES_PLAYER_NOT_HAVE_DARK_AGE'),
				('CVS_CITYSTATE_CONSULAR_SUZERAIN_1_NORMAL_AGE_REQUIREMENTSET', 'CVS_CITYSTATE_REQUIRES_PLAYER_NOT_HAVE_GOLDEN_AGE'),
				('CVS_CITYSTATE_CONSULAR_SUZERAIN_1_GOLDEN_AGE_REQUIREMENTSET', 'CVS_CITYSTATE_REQUIRES_1_SUZERAIN_CONSULAR_LEADER'),
				('CVS_CITYSTATE_CONSULAR_SUZERAIN_1_GOLDEN_AGE_REQUIREMENTSET', 'CVS_CITYSTATE_REQUIRES_PLAYER_HAS_GOLDEN_AGE'),

				('CVS_CITYSTATE_ENTERTAINMENT_SUZERAIN_1_REQUIREMENTSET', 		'CVS_CITYSTATE_REQUIRES_1_SUZERAIN_ENTERTAINMENT_LEADER'),

				('CVS_CITYSTATE_MARITIME_SUZERAIN_1_REQUIREMENTSET', 			'CVS_CITYSTATE_REQUIRES_1_SUZERAIN_MARITIME_LEADER'),

				('CVS_CITYSTATE_AGRICULTURAL_SUZERAIN_2_REQUIREMENTSET',		'CVS_CITYSTATE_REQUIRES_2_SUZERAIN_AGRICULTURAL_LEADER'),

				('CVS_CITYSTATE_CONSULAR_SUZERAIN_2_DARK_AGE_REQUIREMENTSET', 	'CVS_CITYSTATE_REQUIRES_2_SUZERAIN_CONSULAR_LEADER'),
				('CVS_CITYSTATE_CONSULAR_SUZERAIN_2_DARK_AGE_REQUIREMENTSET', 	'CVS_CITYSTATE_REQUIRES_PLAYER_HAS_DARK_AGE'),
				('CVS_CITYSTATE_CONSULAR_SUZERAIN_2_NORMAL_AGE_REQUIREMENTSET', 'CVS_CITYSTATE_REQUIRES_2_SUZERAIN_CONSULAR_LEADER'),
				('CVS_CITYSTATE_CONSULAR_SUZERAIN_2_NORMAL_AGE_REQUIREMENTSET', 'CVS_CITYSTATE_REQUIRES_PLAYER_NOT_HAVE_DARK_AGE'),
				('CVS_CITYSTATE_CONSULAR_SUZERAIN_2_NORMAL_AGE_REQUIREMENTSET', 'CVS_CITYSTATE_REQUIRES_PLAYER_NOT_HAVE_GOLDEN_AGE'),
				('CVS_CITYSTATE_CONSULAR_SUZERAIN_2_GOLDEN_AGE_REQUIREMENTSET', 'CVS_CITYSTATE_REQUIRES_2_SUZERAIN_CONSULAR_LEADER'),
				('CVS_CITYSTATE_CONSULAR_SUZERAIN_2_GOLDEN_AGE_REQUIREMENTSET', 'CVS_CITYSTATE_REQUIRES_PLAYER_HAS_GOLDEN_AGE'),

				('CVS_CITYSTATE_ENTERTAINMENT_SUZERAIN_2_REQUIREMENTSET', 		'CVS_CITYSTATE_REQUIRES_2_SUZERAIN_ENTERTAINMENT_LEADER'),

				('CVS_CITYSTATE_MARITIME_SUZERAIN_2_REQUIREMENTSET', 			'CVS_CITYSTATE_REQUIRES_2_SUZERAIN_MARITIME_LEADER');

-----------------------------------------------
-- Requirements
-----------------------------------------------
INSERT INTO Requirements 
				(RequirementId, 											RequirementType,							Inverse)
VALUES			('CVS_CITYSTATE_REQUIRES_1_SUZERAIN_AGRICULTURAL_LEADER', 	'REQUIREMENT_PLAYER_IS_SUZERAIN_X_TYPE',	0),
				('CVS_CITYSTATE_REQUIRES_1_SUZERAIN_CONSULAR_LEADER', 		'REQUIREMENT_PLAYER_IS_SUZERAIN_X_TYPE',	0),
				('CVS_CITYSTATE_REQUIRES_1_SUZERAIN_ENTERTAINMENT_LEADER',	'REQUIREMENT_PLAYER_IS_SUZERAIN_X_TYPE',	0),
				('CVS_CITYSTATE_REQUIRES_1_SUZERAIN_MARITIME_LEADER', 		'REQUIREMENT_PLAYER_IS_SUZERAIN_X_TYPE',	0),

				('CVS_CITYSTATE_REQUIRES_2_SUZERAIN_AGRICULTURAL_LEADER', 	'REQUIREMENT_PLAYER_IS_SUZERAIN_X_TYPE',	0),
				('CVS_CITYSTATE_REQUIRES_2_SUZERAIN_CONSULAR_LEADER', 		'REQUIREMENT_PLAYER_IS_SUZERAIN_X_TYPE',	0),
				('CVS_CITYSTATE_REQUIRES_2_SUZERAIN_ENTERTAINMENT_LEADER',	'REQUIREMENT_PLAYER_IS_SUZERAIN_X_TYPE',	0),
				('CVS_CITYSTATE_REQUIRES_2_SUZERAIN_MARITIME_LEADER', 		'REQUIREMENT_PLAYER_IS_SUZERAIN_X_TYPE',	0),

				('CVS_CITYSTATE_REQUIRES_PLAYER_HAS_DARK_AGE', 				'REQUIREMENT_PLAYER_HAS_DARK_AGE',			0),
				('CVS_CITYSTATE_REQUIRES_PLAYER_NOT_HAVE_DARK_AGE', 		'REQUIREMENT_PLAYER_HAS_DARK_AGE',			1),
				('CVS_CITYSTATE_REQUIRES_PLAYER_HAS_GOLDEN_AGE', 			'REQUIREMENT_PLAYER_HAS_GOLDEN_AGE',		0),
				('CVS_CITYSTATE_REQUIRES_PLAYER_NOT_HAVE_GOLDEN_AGE', 		'REQUIREMENT_PLAYER_HAS_GOLDEN_AGE',		1);

-----------------------------------------------
-- RequirementArguments
-----------------------------------------------
INSERT INTO RequirementArguments 
				(RequirementId, 												Name, 			Value)
VALUES			('CVS_CITYSTATE_REQUIRES_1_SUZERAIN_AGRICULTURAL_LEADER',		'LeaderType',	'LEADER_MINOR_CIV_CSE_AGRICULTURAL'),
				('CVS_CITYSTATE_REQUIRES_1_SUZERAIN_AGRICULTURAL_LEADER',		'Amount', 		1),

				('CVS_CITYSTATE_REQUIRES_1_SUZERAIN_CONSULAR_LEADER', 			'LeaderType',	'LEADER_MINOR_CIV_CSE_CONSULAR'),
				('CVS_CITYSTATE_REQUIRES_1_SUZERAIN_CONSULAR_LEADER', 			'Amount', 		1),

				('CVS_CITYSTATE_REQUIRES_1_SUZERAIN_ENTERTAINMENT_LEADER', 		'LeaderType',	'LEADER_MINOR_CIV_CSE_ENTERTAINMENT'),
				('CVS_CITYSTATE_REQUIRES_1_SUZERAIN_ENTERTAINMENT_LEADER', 		'Amount', 		1),

				('CVS_CITYSTATE_REQUIRES_1_SUZERAIN_MARITIME_LEADER', 			'LeaderType',	'LEADER_MINOR_CIV_CSE_MARITIME'),
				('CVS_CITYSTATE_REQUIRES_1_SUZERAIN_MARITIME_LEADER', 			'Amount', 		1),

				('CVS_CITYSTATE_REQUIRES_2_SUZERAIN_AGRICULTURAL_LEADER', 		'LeaderType',	'LEADER_MINOR_CIV_CSE_AGRICULTURAL'),
				('CVS_CITYSTATE_REQUIRES_2_SUZERAIN_AGRICULTURAL_LEADER', 		'Amount', 		2),

				('CVS_CITYSTATE_REQUIRES_2_SUZERAIN_CONSULAR_LEADER', 			'LeaderType',	'LEADER_MINOR_CIV_CSE_CONSULAR'),
				('CVS_CITYSTATE_REQUIRES_2_SUZERAIN_CONSULAR_LEADER', 			'Amount', 		2),

				('CVS_CITYSTATE_REQUIRES_2_SUZERAIN_ENTERTAINMENT_LEADER',		'LeaderType',	'LEADER_MINOR_CIV_CSE_ENTERTAINMENT'),
				('CVS_CITYSTATE_REQUIRES_2_SUZERAIN_ENTERTAINMENT_LEADER', 		'Amount', 		2),

				('CVS_CITYSTATE_REQUIRES_2_SUZERAIN_MARITIME_LEADER', 			'LeaderType',	'LEADER_MINOR_CIV_CSE_MARITIME'),
				('CVS_CITYSTATE_REQUIRES_2_SUZERAIN_MARITIME_LEADER',			'Amount', 		2); 
