/*
	Industrial
	Authors: ChimpanG
*/

-----------------------------------------------
-- TraitModifiers
-----------------------------------------------

DELETE FROM TraitModifiers
WHERE TraitType
IN (
	'MINOR_CIV_INDUSTRIAL_TRAIT'
);

INSERT INTO TraitModifiers 
		(TraitType, 					ModifierId										)
VALUES	('MINOR_CIV_INDUSTRIAL_TRAIT',	'MODIFIER_CSE_INDUSTRIAL_SEND_TRADE_BONUS'		),
		('MINOR_CIV_INDUSTRIAL_TRAIT',	'MODIFIER_CSE_INDUSTRIAL_CAPITAL_DISTRICTS'		),
		('MINOR_CIV_INDUSTRIAL_TRAIT',	'MODIFIER_CSE_INDUSTRIAL_CAPITAL_BUILDINGS'		),
		('MINOR_CIV_INDUSTRIAL_TRAIT',	'MODIFIER_CSE_INDUSTRIAL_WORKSHOP_DISTRICTS'	),
		('MINOR_CIV_INDUSTRIAL_TRAIT',	'MODIFIER_CSE_INDUSTRIAL_WORKSHOP_BUILDINGS'	),
		('MINOR_CIV_INDUSTRIAL_TRAIT',	'MODIFIER_CSE_INDUSTRIAL_FACTORY_DISTRICTS'		),
		('MINOR_CIV_INDUSTRIAL_TRAIT',	'MODIFIER_CSE_INDUSTRIAL_FACTORY_BUILDINGS'		),
		('MINOR_CIV_INDUSTRIAL_TRAIT',	'MODIFIER_CSE_INDUSTRIAL_PLANT_DISTRICTS'		),
		('MINOR_CIV_INDUSTRIAL_TRAIT',	'MODIFIER_CSE_INDUSTRIAL_PLANT_BUILDINGS'		);

-----------------------------------------------
-- Modifiers
-----------------------------------------------

INSERT INTO Modifiers 
		(ModifierId,											ModifierType,													SubjectRequirementSetId			)
VALUES	('MODIFIER_CSE_INDUSTRIAL_SEND_TRADE_BONUS',			'MODIFIER_PLAYER_CITIES_ADJUST_TRADE_ROUTE_YIELD_TO_OTHERS',	NULL							),
		('MODIFIER_CSE_INDUSTRIAL_CAPITAL_DISTRICTS',			'MODIFIER_ALL_PLAYERS_ATTACH_MODIFIER',							'PLAYER_HAS_SMALL_INFLUENCE'	),
		('MODIFIER_CSE_INDUSTRIAL_CAPITAL_DISTRICTS_MOD',		'MODIFIER_PLAYER_CAPITAL_CITY_ADJUST_DISTRICT_PRODUCTION',		NULL							),
		('MODIFIER_CSE_INDUSTRIAL_CAPITAL_BUILDINGS',			'MODIFIER_ALL_PLAYERS_ATTACH_MODIFIER',							'PLAYER_HAS_SMALL_INFLUENCE'	),
		('MODIFIER_CSE_INDUSTRIAL_CAPITAL_BUILDINGS_MOD',		'MODIFIER_PLAYER_CAPITAL_CITY_ADJUST_BUILDING_PRODUCTION',		NULL							),
		('MODIFIER_CSE_INDUSTRIAL_WORKSHOP_DISTRICTS',			'MODIFIER_ALL_PLAYERS_ATTACH_MODIFIER',							'PLAYER_HAS_MEDIUM_INFLUENCE'	),
		('MODIFIER_CSE_INDUSTRIAL_WORKSHOP_DISTRICTS_MOD',		'MODIFIER_PLAYER_CITIES_ADJUST_DISTRICT_PRODUCTION_CHANGE',		'REQSET_CSE_CITY_HAS_WORKSHOP'	),
		('MODIFIER_CSE_INDUSTRIAL_WORKSHOP_BUILDINGS',			'MODIFIER_ALL_PLAYERS_ATTACH_MODIFIER',							'PLAYER_HAS_MEDIUM_INFLUENCE'	),
		('MODIFIER_CSE_INDUSTRIAL_WORKSHOP_BUILDINGS_MOD',		'MODIFIER_PLAYER_CITIES_ADJUST_BUILDING_PRODUCTION_CHANGE',		'REQSET_CSE_CITY_HAS_WORKSHOP'	),
		('MODIFIER_CSE_INDUSTRIAL_FACTORY_DISTRICTS',			'MODIFIER_ALL_PLAYERS_ATTACH_MODIFIER',							'PLAYER_HAS_LARGE_INFLUENCE'	),
		('MODIFIER_CSE_INDUSTRIAL_FACTORY_DISTRICTS_MOD',		'MODIFIER_PLAYER_CITIES_ADJUST_DISTRICT_PRODUCTION_CHANGE',		'REQSET_CSE_CITY_HAS_FACTORY'	),
		('MODIFIER_CSE_INDUSTRIAL_FACTORY_BUILDINGS',			'MODIFIER_ALL_PLAYERS_ATTACH_MODIFIER',							'PLAYER_HAS_LARGE_INFLUENCE'	),
		('MODIFIER_CSE_INDUSTRIAL_FACTORY_BUILDINGS_MOD',		'MODIFIER_PLAYER_CITIES_ADJUST_BUILDING_PRODUCTION_CHANGE',		'REQSET_CSE_CITY_HAS_FACTORY'	),
		('MODIFIER_CSE_INDUSTRIAL_PLANT_DISTRICTS',				'MODIFIER_ALL_PLAYERS_ATTACH_MODIFIER',							'PLAYER_HAS_LARGEST_INFLUENCE'	),
		('MODIFIER_CSE_INDUSTRIAL_PLANT_DISTRICTS_MOD',			'MODIFIER_PLAYER_CITIES_ADJUST_DISTRICT_PRODUCTION_CHANGE',		'REQSET_CSE_CITY_HAS_PLANT'		),
		('MODIFIER_CSE_INDUSTRIAL_PLANT_BUILDINGS',				'MODIFIER_ALL_PLAYERS_ATTACH_MODIFIER',							'PLAYER_HAS_LARGEST_INFLUENCE'	),
		('MODIFIER_CSE_INDUSTRIAL_PLANT_BUILDINGS_MOD',			'MODIFIER_PLAYER_CITIES_ADJUST_BUILDING_PRODUCTION_CHANGE',		'REQSET_CSE_CITY_HAS_PLANT'		);

-----------------------------------------------
-- ModifierArguments
-----------------------------------------------

INSERT INTO ModifierArguments
		(ModifierId,										Name,				Value												)
VALUES	('MODIFIER_CSE_INDUSTRIAL_SEND_TRADE_BONUS',		'YieldType',		'YIELD_PRODUCTION'									),
		('MODIFIER_CSE_INDUSTRIAL_SEND_TRADE_BONUS',		'Amount',			1													),
		('MODIFIER_CSE_INDUSTRIAL_CAPITAL_DISTRICTS',		'ModifierId',		'MODIFIER_CSE_INDUSTRIAL_CAPITAL_DISTRICTS_MOD'		),
		('MODIFIER_CSE_INDUSTRIAL_CAPITAL_DISTRICTS_MOD',	'Amount',			2													),
		('MODIFIER_CSE_INDUSTRIAL_CAPITAL_BUILDINGS',		'ModifierId',		'MODIFIER_CSE_INDUSTRIAL_CAPITAL_BUILDINGS_MOD'		),
		('MODIFIER_CSE_INDUSTRIAL_CAPITAL_BUILDINGS_MOD',	'Amount',			2													),
		('MODIFIER_CSE_INDUSTRIAL_WORKSHOP_DISTRICTS',		'ModifierId',		'MODIFIER_CSE_INDUSTRIAL_WORKSHOP_DISTRICTS_MOD'	),
		('MODIFIER_CSE_INDUSTRIAL_WORKSHOP_DISTRICTS_MOD',	'Amount',			2													),
		('MODIFIER_CSE_INDUSTRIAL_WORKSHOP_BUILDINGS',		'ModifierId',		'MODIFIER_CSE_INDUSTRIAL_WORKSHOP_BUILDINGS_MOD'	),
		('MODIFIER_CSE_INDUSTRIAL_WORKSHOP_BUILDINGS_MOD',	'Amount',			2													),
		('MODIFIER_CSE_INDUSTRIAL_FACTORY_DISTRICTS',		'ModifierId',		'MODIFIER_CSE_INDUSTRIAL_FACTORY_DISTRICTS_MOD'		),
		('MODIFIER_CSE_INDUSTRIAL_FACTORY_DISTRICTS_MOD',	'Amount',			2													),
		('MODIFIER_CSE_INDUSTRIAL_FACTORY_BUILDINGS',		'ModifierId',		'MODIFIER_CSE_INDUSTRIAL_FACTORY_BUILDINGS_MOD'		),
		('MODIFIER_CSE_INDUSTRIAL_FACTORY_BUILDINGS_MOD',	'Amount',			2													),
		('MODIFIER_CSE_INDUSTRIAL_PLANT_DISTRICTS',			'ModifierId',		'MODIFIER_CSE_INDUSTRIAL_PLANT_DISTRICTS_MOD'		),
		('MODIFIER_CSE_INDUSTRIAL_PLANT_DISTRICTS_MOD',		'Amount',			2													),
		('MODIFIER_CSE_INDUSTRIAL_PLANT_BUILDINGS',			'ModifierId',		'MODIFIER_CSE_INDUSTRIAL_PLANT_BUILDINGS_MOD'		),
		('MODIFIER_CSE_INDUSTRIAL_PLANT_BUILDINGS_MOD',		'Amount',			2													);

-----------------------------------------------
-- ModifierStrings
-----------------------------------------------

INSERT INTO ModifierStrings 
		(ModifierId, 										Context, 	Text												)
VALUES	('MODIFIER_CSE_INDUSTRIAL_CAPITAL_DISTRICTS', 		'Preview', 	'LOC_CSE_INDUSTRIAL_TRAIT_SMALL_INFLUENCE_BONUS'	),
		('MODIFIER_CSE_INDUSTRIAL_CAPITAL_BUILDINGS', 		'Preview', 	'LOC_CSE_INDUSTRIAL_TRAIT_SMALL_INFLUENCE_BONUS'	),
		('MODIFIER_CSE_INDUSTRIAL_WORKSHOP_DISTRICTS', 		'Preview', 	'LOC_CSE_INDUSTRIAL_TRAIT_MEDIUM_INFLUENCE_BONUS'	),
		('MODIFIER_CSE_INDUSTRIAL_WORKSHOP_BUILDINGS',	 	'Preview', 	'LOC_CSE_INDUSTRIAL_TRAIT_MEDIUM_INFLUENCE_BONUS'	),
		('MODIFIER_CSE_INDUSTRIAL_FACTORY_DISTRICTS', 		'Preview', 	'LOC_CSE_INDUSTRIAL_TRAIT_LARGE_INFLUENCE_BONUS'	),
		('MODIFIER_CSE_INDUSTRIAL_FACTORY_BUILDINGS', 		'Preview', 	'LOC_CSE_INDUSTRIAL_TRAIT_LARGE_INFLUENCE_BONUS'	),
		('MODIFIER_CSE_INDUSTRIAL_PLANT_DISTRICTS', 		'Preview', 	'LOC_CSE_INDUSTRIAL_TRAIT_LARGEST_INFLUENCE_BONUS'	),
		('MODIFIER_CSE_INDUSTRIAL_PLANT_BUILDINGS', 		'Preview', 	'LOC_CSE_INDUSTRIAL_TRAIT_LARGEST_INFLUENCE_BONUS'	);

-----------------------------------------------
-- RequirementSets
-----------------------------------------------

INSERT INTO RequirementSets
		(RequirementSetId,					RequirementSetType			)
VALUES	('REQSET_CSE_CITY_HAS_WORKSHOP',	'REQUIREMENTSET_TEST_ALL'	),
		('REQSET_CSE_CITY_HAS_FACTORY',		'REQUIREMENTSET_TEST_ALL'	),
		('REQSET_CSE_CITY_HAS_PLANT',		'REQUIREMENTSET_TEST_ANY'	);

-----------------------------------------------
-- RequirementSetRequirements
-----------------------------------------------

INSERT INTO RequirementSetRequirements
		(RequirementSetId,					RequirementId				)
VALUES	('REQSET_CSE_CITY_HAS_WORKSHOP',	'REQ_CSE_CITY_HAS_WORKSHOP'	),
		('REQSET_CSE_CITY_HAS_FACTORY',		'REQ_CSE_CITY_HAS_FACTORY'	),
		('REQSET_CSE_CITY_HAS_PLANT',		'REQ_CSE_CITY_HAS_PLANT'	);

-----------------------------------------------
-- Requirements
-----------------------------------------------

INSERT INTO Requirements
		(RequirementId,					RequirementType					)
VALUES	('REQ_CSE_CITY_HAS_WORKSHOP',	'REQUIREMENT_CITY_HAS_BUILDING'	),
		('REQ_CSE_CITY_HAS_FACTORY',	'REQUIREMENT_CITY_HAS_BUILDING'	),
		('REQ_CSE_CITY_HAS_PLANT',		'REQUIREMENT_CITY_HAS_BUILDING'	);

-----------------------------------------------
-- RequirementArguments
-----------------------------------------------
		
INSERT INTO RequirementArguments
		(RequirementId,					Name,				Value					)
VALUES	('REQ_CSE_CITY_HAS_WORKSHOP',	'BuildingType',		'BUILDING_WORKSHOP'		),
		('REQ_CSE_CITY_HAS_FACTORY',	'BuildingType',		'BUILDING_FACTORY'		),
		('REQ_CSE_CITY_HAS_PLANT',		'BuildingType',		'BUILDING_POWER_PLANT'	);