/*
	Religious
	Authors: ChimpanG
*/

-----------------------------------------------
-- TraitModifiers
-----------------------------------------------

DELETE FROM TraitModifiers
WHERE TraitType
IN (
	'MINOR_CIV_RELIGIOUS_TRAIT'
);

INSERT INTO TraitModifiers 
		(TraitType, 					ModifierId										)
VALUES	('MINOR_CIV_RELIGIOUS_TRAIT',	'MODIFIER_CSE_RELIGIOUS_SEND_TRADE_BONUS'		),
		('MINOR_CIV_RELIGIOUS_TRAIT',	'MODIFIER_CSE_RELIGIOUS_CAPITAL_FAITH'			),
		('MINOR_CIV_RELIGIOUS_TRAIT',	'MODIFIER_CSE_RELIGIOUS_SHRINE_FAITH'			),
		('MINOR_CIV_RELIGIOUS_TRAIT',	'MODIFIER_CSE_RELIGIOUS_TEMPLE_FAITH'			),
		('MINOR_CIV_RELIGIOUS_TRAIT',	'MODIFIER_CSE_RELIGIOUS_CATHEDRAL_FAITH'		),
		('MINOR_CIV_RELIGIOUS_TRAIT',	'MODIFIER_CSE_RELIGIOUS_DAR_E_MEHR_FAITH'		),
		('MINOR_CIV_RELIGIOUS_TRAIT',	'MODIFIER_CSE_RELIGIOUS_GURDWARA_FAITH'			),
		('MINOR_CIV_RELIGIOUS_TRAIT',	'MODIFIER_CSE_RELIGIOUS_MEETING_HOUSE_FAITH'	),
		('MINOR_CIV_RELIGIOUS_TRAIT',	'MODIFIER_CSE_RELIGIOUS_MOSQUE_FAITH'			),
		('MINOR_CIV_RELIGIOUS_TRAIT',	'MODIFIER_CSE_RELIGIOUS_PAGODA_FAITH'			),
		('MINOR_CIV_RELIGIOUS_TRAIT',	'MODIFIER_CSE_RELIGIOUS_STUPA_FAITH'			),
		('MINOR_CIV_RELIGIOUS_TRAIT',	'MODIFIER_CSE_RELIGIOUS_SYNAGOGUE_FAITH'		),
		('MINOR_CIV_RELIGIOUS_TRAIT',	'MODIFIER_CSE_RELIGIOUS_WAT_FAITH'				);

-----------------------------------------------
-- Modifiers
-----------------------------------------------

INSERT INTO Modifiers 
		(ModifierId,											ModifierType,													SubjectRequirementSetId			)
VALUES	('MODIFIER_CSE_RELIGIOUS_SEND_TRADE_BONUS',				'MODIFIER_PLAYER_CITIES_ADJUST_TRADE_ROUTE_YIELD_TO_OTHERS',	NULL							),
		('MODIFIER_CSE_RELIGIOUS_CAPITAL_FAITH',				'MODIFIER_ALL_PLAYERS_ATTACH_MODIFIER',							'PLAYER_HAS_SMALL_INFLUENCE'	),
		('MODIFIER_CSE_RELIGIOUS_CAPITAL_FAITH_MOD',			'MODIFIER_PLAYER_CAPITAL_CITY_ADJUST_CITY_YIELD_CHANGE',		NULL							),
		('MODIFIER_CSE_RELIGIOUS_SHRINE_FAITH',					'MODIFIER_ALL_PLAYERS_ATTACH_MODIFIER',							'PLAYER_HAS_MEDIUM_INFLUENCE'	),
		('MODIFIER_CSE_RELIGIOUS_SHRINE_FAITH_MOD',				'MODIFIER_PLAYER_CITIES_ADJUST_BUILDING_YIELD_CHANGE',			NULL							),
		('MODIFIER_CSE_RELIGIOUS_TEMPLE_FAITH',					'MODIFIER_ALL_PLAYERS_ATTACH_MODIFIER',							'PLAYER_HAS_LARGE_INFLUENCE'	),
		('MODIFIER_CSE_RELIGIOUS_TEMPLE_FAITH_MOD',				'MODIFIER_PLAYER_CITIES_ADJUST_BUILDING_YIELD_CHANGE',			NULL							),
		('MODIFIER_CSE_RELIGIOUS_CATHEDRAL_FAITH',				'MODIFIER_ALL_PLAYERS_ATTACH_MODIFIER',							'PLAYER_HAS_LARGEST_INFLUENCE'	),
		('MODIFIER_CSE_RELIGIOUS_CATHEDRAL_FAITH_MOD',			'MODIFIER_PLAYER_CITIES_ADJUST_BUILDING_YIELD_CHANGE',			NULL							),
		('MODIFIER_CSE_RELIGIOUS_DAR_E_MEHR_FAITH',				'MODIFIER_ALL_PLAYERS_ATTACH_MODIFIER',							'PLAYER_HAS_LARGEST_INFLUENCE'	),
		('MODIFIER_CSE_RELIGIOUS_DAR_E_MEHR_FAITH_MOD',			'MODIFIER_PLAYER_CITIES_ADJUST_BUILDING_YIELD_CHANGE',			NULL							),
		('MODIFIER_CSE_RELIGIOUS_GURDWARA_FAITH',				'MODIFIER_ALL_PLAYERS_ATTACH_MODIFIER',							'PLAYER_HAS_LARGEST_INFLUENCE'	),
		('MODIFIER_CSE_RELIGIOUS_GURDWARA_FAITH_MOD',			'MODIFIER_PLAYER_CITIES_ADJUST_BUILDING_YIELD_CHANGE',			NULL							),
		('MODIFIER_CSE_RELIGIOUS_MEETING_HOUSE_FAITH',			'MODIFIER_ALL_PLAYERS_ATTACH_MODIFIER',							'PLAYER_HAS_LARGEST_INFLUENCE'	),
		('MODIFIER_CSE_RELIGIOUS_MEETING_HOUSE_FAITH_MOD',		'MODIFIER_PLAYER_CITIES_ADJUST_BUILDING_YIELD_CHANGE',			NULL							),
		('MODIFIER_CSE_RELIGIOUS_MOSQUE_FAITH',					'MODIFIER_ALL_PLAYERS_ATTACH_MODIFIER',							'PLAYER_HAS_LARGEST_INFLUENCE'	),
		('MODIFIER_CSE_RELIGIOUS_MOSQUE_FAITH_MOD',				'MODIFIER_PLAYER_CITIES_ADJUST_BUILDING_YIELD_CHANGE',			NULL							),
		('MODIFIER_CSE_RELIGIOUS_PAGODA_FAITH',					'MODIFIER_ALL_PLAYERS_ATTACH_MODIFIER',							'PLAYER_HAS_LARGEST_INFLUENCE'	),
		('MODIFIER_CSE_RELIGIOUS_PAGODA_FAITH_MOD',				'MODIFIER_PLAYER_CITIES_ADJUST_BUILDING_YIELD_CHANGE',			NULL							),
		('MODIFIER_CSE_RELIGIOUS_STUPA_FAITH',					'MODIFIER_ALL_PLAYERS_ATTACH_MODIFIER',							'PLAYER_HAS_LARGEST_INFLUENCE'	),
		('MODIFIER_CSE_RELIGIOUS_STUPA_FAITH_MOD',				'MODIFIER_PLAYER_CITIES_ADJUST_BUILDING_YIELD_CHANGE',			NULL							),
		('MODIFIER_CSE_RELIGIOUS_SYNAGOGUE_FAITH',				'MODIFIER_ALL_PLAYERS_ATTACH_MODIFIER',							'PLAYER_HAS_LARGEST_INFLUENCE'	),
		('MODIFIER_CSE_RELIGIOUS_SYNAGOGUE_FAITH_MOD',			'MODIFIER_PLAYER_CITIES_ADJUST_BUILDING_YIELD_CHANGE',			NULL							),
		('MODIFIER_CSE_RELIGIOUS_WAT_FAITH',					'MODIFIER_ALL_PLAYERS_ATTACH_MODIFIER',							'PLAYER_HAS_LARGEST_INFLUENCE'	),
		('MODIFIER_CSE_RELIGIOUS_WAT_FAITH_MOD',				'MODIFIER_PLAYER_CITIES_ADJUST_BUILDING_YIELD_CHANGE',			NULL							);

-----------------------------------------------
-- ModifierArguments
-----------------------------------------------

INSERT INTO ModifierArguments
		(ModifierId,										Name,				Value												)
VALUES	('MODIFIER_CSE_RELIGIOUS_SEND_TRADE_BONUS',			'YieldType',		'YIELD_FAITH'										),
		('MODIFIER_CSE_RELIGIOUS_SEND_TRADE_BONUS',			'Amount',			1													),
		('MODIFIER_CSE_RELIGIOUS_CAPITAL_FAITH',			'ModifierId',		'MODIFIER_CSE_RELIGIOUS_CAPITAL_FAITH_MOD'			),
		('MODIFIER_CSE_RELIGIOUS_CAPITAL_FAITH_MOD',		'YieldType',		'YIELD_FAITH'										),
		('MODIFIER_CSE_RELIGIOUS_CAPITAL_FAITH_MOD',		'Amount',			2													),
		('MODIFIER_CSE_RELIGIOUS_SHRINE_FAITH',				'ModifierId',		'MODIFIER_CSE_RELIGIOUS_SHRINE_FAITH_MOD'			),
		('MODIFIER_CSE_RELIGIOUS_SHRINE_FAITH_MOD',			'BuildingType',		'BUILDING_SHRINE'									),
		('MODIFIER_CSE_RELIGIOUS_SHRINE_FAITH_MOD',			'YieldType',		'YIELD_FAITH'										),
		('MODIFIER_CSE_RELIGIOUS_SHRINE_FAITH_MOD',			'Amount',			2													),
		('MODIFIER_CSE_RELIGIOUS_SHRINE_FAITH_MOD',			'CityStatesOnly',	1													),
		('MODIFIER_CSE_RELIGIOUS_TEMPLE_FAITH',				'ModifierId',		'MODIFIER_CSE_RELIGIOUS_TEMPLE_FAITH_MOD'			),
		('MODIFIER_CSE_RELIGIOUS_TEMPLE_FAITH_MOD',			'BuildingType',		'BUILDING_TEMPLE'									),
		('MODIFIER_CSE_RELIGIOUS_TEMPLE_FAITH_MOD',			'YieldType',		'YIELD_FAITH'										),
		('MODIFIER_CSE_RELIGIOUS_TEMPLE_FAITH_MOD',			'Amount',			2													),
		('MODIFIER_CSE_RELIGIOUS_TEMPLE_FAITH_MOD',			'CityStatesOnly',	1													),
		('MODIFIER_CSE_RELIGIOUS_CATHEDRAL_FAITH',			'ModifierId',		'MODIFIER_CSE_RELIGIOUS_CATHEDRAL_FAITH_MOD'		),
		('MODIFIER_CSE_RELIGIOUS_CATHEDRAL_FAITH_MOD',		'BuildingType',		'BUILDING_CATHEDRAL'								),
		('MODIFIER_CSE_RELIGIOUS_CATHEDRAL_FAITH_MOD',		'YieldType',		'YIELD_FAITH'										),
		('MODIFIER_CSE_RELIGIOUS_CATHEDRAL_FAITH_MOD',		'Amount',			2													),
		('MODIFIER_CSE_RELIGIOUS_CATHEDRAL_FAITH_MOD',		'CityStatesOnly',	1													),
		('MODIFIER_CSE_RELIGIOUS_DAR_E_MEHR_FAITH',			'ModifierId',		'MODIFIER_CSE_RELIGIOUS_DAR_E_MEHR_FAITH_MOD'		),
		('MODIFIER_CSE_RELIGIOUS_DAR_E_MEHR_FAITH_MOD',		'BuildingType',		'BUILDING_DAR_E_MEHR'								),
		('MODIFIER_CSE_RELIGIOUS_DAR_E_MEHR_FAITH_MOD',		'YieldType',		'YIELD_FAITH'										),
		('MODIFIER_CSE_RELIGIOUS_DAR_E_MEHR_FAITH_MOD',		'Amount',			2													),
		('MODIFIER_CSE_RELIGIOUS_DAR_E_MEHR_FAITH_MOD',		'CityStatesOnly',	1													),
		('MODIFIER_CSE_RELIGIOUS_GURDWARA_FAITH',			'ModifierId',		'MODIFIER_CSE_RELIGIOUS_GURDWARA_FAITH_MOD'			),
		('MODIFIER_CSE_RELIGIOUS_GURDWARA_FAITH_MOD',		'BuildingType',		'BUILDING_GURDWARA'									),
		('MODIFIER_CSE_RELIGIOUS_GURDWARA_FAITH_MOD',		'YieldType',		'YIELD_FAITH'										),
		('MODIFIER_CSE_RELIGIOUS_GURDWARA_FAITH_MOD',		'Amount',			2													),
		('MODIFIER_CSE_RELIGIOUS_GURDWARA_FAITH_MOD',		'CityStatesOnly',	1													),
		('MODIFIER_CSE_RELIGIOUS_MEETING_HOUSE_FAITH',		'ModifierId',		'MODIFIER_CSE_RELIGIOUS_MEETING_HOUSE_FAITH_MOD'	),
		('MODIFIER_CSE_RELIGIOUS_MEETING_HOUSE_FAITH_MOD',	'BuildingType',		'BUILDING_MEETING_HOUSE'							),
		('MODIFIER_CSE_RELIGIOUS_MEETING_HOUSE_FAITH_MOD',	'YieldType',		'YIELD_FAITH'										),
		('MODIFIER_CSE_RELIGIOUS_MEETING_HOUSE_FAITH_MOD',	'Amount',			2													),
		('MODIFIER_CSE_RELIGIOUS_MEETING_HOUSE_FAITH_MOD',	'CityStatesOnly',	1													),
		('MODIFIER_CSE_RELIGIOUS_MOSQUE_FAITH',				'ModifierId',		'MODIFIER_CSE_RELIGIOUS_MOSQUE_FAITH_MOD'			),
		('MODIFIER_CSE_RELIGIOUS_MOSQUE_FAITH_MOD',			'BuildingType',		'BUILDING_MOSQUE'									),
		('MODIFIER_CSE_RELIGIOUS_MOSQUE_FAITH_MOD',			'YieldType',		'YIELD_FAITH'										),
		('MODIFIER_CSE_RELIGIOUS_MOSQUE_FAITH_MOD',			'Amount',			2													),
		('MODIFIER_CSE_RELIGIOUS_MOSQUE_FAITH_MOD',			'CityStatesOnly',	1													),
		('MODIFIER_CSE_RELIGIOUS_PAGODA_FAITH',				'ModifierId',		'MODIFIER_CSE_RELIGIOUS_PAGODA_FAITH_MOD'			),
		('MODIFIER_CSE_RELIGIOUS_PAGODA_FAITH_MOD',			'BuildingType',		'BUILDING_PAGODA'									),
		('MODIFIER_CSE_RELIGIOUS_PAGODA_FAITH_MOD',			'YieldType',		'YIELD_FAITH'										),
		('MODIFIER_CSE_RELIGIOUS_PAGODA_FAITH_MOD',			'Amount',			2													),
		('MODIFIER_CSE_RELIGIOUS_PAGODA_FAITH_MOD',			'CityStatesOnly',	1													),
		('MODIFIER_CSE_RELIGIOUS_SYNAGOGUE_FAITH',			'ModifierId',		'MODIFIER_CSE_RELIGIOUS_SYNAGOGUE_FAITH_MOD'		),
		('MODIFIER_CSE_RELIGIOUS_SYNAGOGUE_FAITH_MOD',		'BuildingType',		'BUILDING_SYNAGOGUE'								),
		('MODIFIER_CSE_RELIGIOUS_SYNAGOGUE_FAITH_MOD',		'YieldType',		'YIELD_FAITH'										),
		('MODIFIER_CSE_RELIGIOUS_SYNAGOGUE_FAITH_MOD',		'Amount',			2													),
		('MODIFIER_CSE_RELIGIOUS_SYNAGOGUE_FAITH_MOD',		'CityStatesOnly',	1													),
		('MODIFIER_CSE_RELIGIOUS_STUPA_FAITH',				'ModifierId',		'MODIFIER_CSE_RELIGIOUS_STUPA_FAITH_MOD'			),
		('MODIFIER_CSE_RELIGIOUS_STUPA_FAITH_MOD',			'BuildingType',		'BUILDING_STUPA'									),
		('MODIFIER_CSE_RELIGIOUS_STUPA_FAITH_MOD',			'YieldType',		'YIELD_FAITH'										),
		('MODIFIER_CSE_RELIGIOUS_STUPA_FAITH_MOD',			'Amount',			2													),
		('MODIFIER_CSE_RELIGIOUS_STUPA_FAITH_MOD',			'CityStatesOnly',	1													),
		('MODIFIER_CSE_RELIGIOUS_WAT_FAITH',				'ModifierId',		'MODIFIER_CSE_RELIGIOUS_WAT_FAITH_MOD'				),
		('MODIFIER_CSE_RELIGIOUS_WAT_FAITH_MOD',			'BuildingType',		'BUILDING_WAT'										),
		('MODIFIER_CSE_RELIGIOUS_WAT_FAITH_MOD',			'YieldType',		'YIELD_FAITH'										),
		('MODIFIER_CSE_RELIGIOUS_WAT_FAITH_MOD',			'Amount',			2													),
		('MODIFIER_CSE_RELIGIOUS_WAT_FAITH_MOD',			'CityStatesOnly',	1													);

-----------------------------------------------
-- ModifierStrings
-----------------------------------------------

INSERT INTO ModifierStrings 
		(ModifierId, 									Context, 	Text												)
VALUES	('MODIFIER_CSE_RELIGIOUS_CAPITAL_FAITH', 		'Preview', 	'LOC_CSE_RELIGIOUS_TRAIT_SMALL_INFLUENCE_BONUS'		),
		('MODIFIER_CSE_RELIGIOUS_SHRINE_FAITH', 		'Preview', 	'LOC_CSE_RELIGIOUS_TRAIT_MEDIUM_INFLUENCE_BONUS'	),
		('MODIFIER_CSE_RELIGIOUS_TEMPLE_FAITH',	 		'Preview', 	'LOC_CSE_RELIGIOUS_TRAIT_LARGE_INFLUENCE_BONUS'		),
		('MODIFIER_CSE_RELIGIOUS_CATHEDRAL_FAITH',	 	'Preview', 	'LOC_CSE_RELIGIOUS_TRAIT_LARGEST_INFLUENCE_BONUS'	),
		('MODIFIER_CSE_RELIGIOUS_DAR_E_MEHR_FAITH',	 	'Preview', 	'LOC_CSE_RELIGIOUS_TRAIT_LARGEST_INFLUENCE_BONUS'	),
		('MODIFIER_CSE_RELIGIOUS_GURDWARA_FAITH',	 	'Preview', 	'LOC_CSE_RELIGIOUS_TRAIT_LARGEST_INFLUENCE_BONUS'	),
		('MODIFIER_CSE_RELIGIOUS_MEETING_HOUSE_FAITH',	'Preview', 	'LOC_CSE_RELIGIOUS_TRAIT_LARGEST_INFLUENCE_BONUS'	),
		('MODIFIER_CSE_RELIGIOUS_MOSQUE_FAITH',			'Preview', 	'LOC_CSE_RELIGIOUS_TRAIT_LARGEST_INFLUENCE_BONUS'	),
		('MODIFIER_CSE_RELIGIOUS_PAGODA_FAITH',			'Preview', 	'LOC_CSE_RELIGIOUS_TRAIT_LARGEST_INFLUENCE_BONUS'	),
		('MODIFIER_CSE_RELIGIOUS_STUPA_FAITH',		 	'Preview', 	'LOC_CSE_RELIGIOUS_TRAIT_LARGEST_INFLUENCE_BONUS'	),
		('MODIFIER_CSE_RELIGIOUS_SYNAGOGUE_FAITH',	 	'Preview', 	'LOC_CSE_RELIGIOUS_TRAIT_LARGEST_INFLUENCE_BONUS'	),
		('MODIFIER_CSE_RELIGIOUS_WAT_FAITH',			'Preview', 	'LOC_CSE_RELIGIOUS_TRAIT_LARGEST_INFLUENCE_BONUS'	);

-----------------------------------------------
-- RequirementSets
-----------------------------------------------

INSERT INTO RequirementSets
		(RequirementSetId,									RequirementSetType			)
VALUES	('PLAYER_HAS_LARGEST_INFLUENCE_AND_PAPAL_PRIMACY',	'REQUIREMENTSET_TEST_ALL'	);

-----------------------------------------------
-- RequirementSetRequirements
-----------------------------------------------

INSERT INTO RequirementSetRequirements
		(RequirementSetId,									RequirementId							)
VALUES	('PLAYER_HAS_LARGEST_INFLUENCE_AND_PAPAL_PRIMACY',	'REQUIRES_PLAYER_HAS_LARGEST_INFLUENCE'	),
		('PLAYER_HAS_LARGEST_INFLUENCE_AND_PAPAL_PRIMACY',	'REQUIRES_PLAYER_AT_PEACE'				),
		('PLAYER_HAS_LARGEST_INFLUENCE_AND_PAPAL_PRIMACY',	'REQUIRES_PLAYER_FOUNDED_OUR_RELIGION'	),
		('PLAYER_HAS_LARGEST_INFLUENCE_AND_PAPAL_PRIMACY',	'REQUIRES_PLAYER_HAS_PAPAL_PRIMACY'		);