/*
	Cultural
	Authors: ChimpanG
*/

-----------------------------------------------
-- TraitModifiers
-----------------------------------------------

DELETE FROM TraitModifiers
WHERE TraitType
IN (
	'MINOR_CIV_CULTURAL_TRAIT'
);

INSERT INTO TraitModifiers 
		(TraitType, 						ModifierId											)
VALUES	('MINOR_CIV_CULTURAL_TRAIT',		'MODIFIER_CSE_CULTURAL_SEND_TRADE_BONUS'			),
		('MINOR_CIV_CULTURAL_TRAIT',		'MODIFIER_CSE_CULTURAL_CAPITAL_CULTURE'				),
		('MINOR_CIV_CULTURAL_TRAIT',		'MODIFIER_CSE_CULTURAL_AMPHITHEATER_CULTURE'		),
		('MINOR_CIV_CULTURAL_TRAIT',		'MODIFIER_CSE_CULTURAL_MUSEUM_ART_CULTURE'			),
		('MINOR_CIV_CULTURAL_TRAIT',		'MODIFIER_CSE_CULTURAL_MUSEUM_ARTIFACT_CULTURE'		),
		('MINOR_CIV_CULTURAL_TRAIT',		'MODIFIER_CSE_CULTURAL_BROADCAST_CENTER_CULTURE'	);

-----------------------------------------------
-- Modifiers
-----------------------------------------------

INSERT INTO Modifiers 
		(ModifierId,											ModifierType,													SubjectRequirementSetId			)
VALUES	('MODIFIER_CSE_CULTURAL_SEND_TRADE_BONUS',				'MODIFIER_PLAYER_CITIES_ADJUST_TRADE_ROUTE_YIELD_TO_OTHERS',	NULL							),
		('MODIFIER_CSE_CULTURAL_CAPITAL_CULTURE',				'MODIFIER_ALL_PLAYERS_ATTACH_MODIFIER',							'PLAYER_HAS_SMALL_INFLUENCE'	),
		('MODIFIER_CSE_CULTURAL_CAPITAL_CULTURE_MOD',			'MODIFIER_PLAYER_CAPITAL_CITY_ADJUST_CITY_YIELD_CHANGE',		NULL							),
		('MODIFIER_CSE_CULTURAL_AMPHITHEATER_CULTURE',			'MODIFIER_ALL_PLAYERS_ATTACH_MODIFIER',							'PLAYER_HAS_MEDIUM_INFLUENCE'	),
		('MODIFIER_CSE_CULTURAL_AMPHITHEATER_CULTURE_MOD',		'MODIFIER_PLAYER_CITIES_ADJUST_BUILDING_YIELD_CHANGE',			NULL							),
		('MODIFIER_CSE_CULTURAL_MUSEUM_ART_CULTURE',			'MODIFIER_ALL_PLAYERS_ATTACH_MODIFIER',							'PLAYER_HAS_LARGE_INFLUENCE'	),
		('MODIFIER_CSE_CULTURAL_MUSEUM_ART_CULTURE_MOD',		'MODIFIER_PLAYER_CITIES_ADJUST_BUILDING_YIELD_CHANGE',			NULL							),
		('MODIFIER_CSE_CULTURAL_MUSEUM_ARTIFACT_CULTURE',		'MODIFIER_ALL_PLAYERS_ATTACH_MODIFIER',							'PLAYER_HAS_LARGE_INFLUENCE'	),
		('MODIFIER_CSE_CULTURAL_MUSEUM_ARTIFACT_CULTURE_MOD',	'MODIFIER_PLAYER_CITIES_ADJUST_BUILDING_YIELD_CHANGE',			NULL							),
		('MODIFIER_CSE_CULTURAL_BROADCAST_CENTER_CULTURE',		'MODIFIER_ALL_PLAYERS_ATTACH_MODIFIER',							'PLAYER_HAS_LARGEST_INFLUENCE'	),
		('MODIFIER_CSE_CULTURAL_BROADCAST_CENTER_CULTURE_MOD',	'MODIFIER_PLAYER_CITIES_ADJUST_BUILDING_YIELD_CHANGE',			NULL							);

-----------------------------------------------
-- ModifierArguments
-----------------------------------------------

INSERT INTO ModifierArguments
		(ModifierId,												Name,				Value													)
VALUES	('MODIFIER_CSE_CULTURAL_SEND_TRADE_BONUS',					'YieldType',		'YIELD_CULTURE'											),
		('MODIFIER_CSE_CULTURAL_SEND_TRADE_BONUS',					'Amount',			1														),
		('MODIFIER_CSE_CULTURAL_CAPITAL_CULTURE',					'ModifierId',		'MODIFIER_CSE_CULTURAL_CAPITAL_CULTURE_MOD'				),
		('MODIFIER_CSE_CULTURAL_CAPITAL_CULTURE_MOD',				'YieldType',		'YIELD_CULTURE'											),
		('MODIFIER_CSE_CULTURAL_CAPITAL_CULTURE_MOD',				'Amount',			2														),
		('MODIFIER_CSE_CULTURAL_AMPHITHEATER_CULTURE',				'ModifierId',		'MODIFIER_CSE_CULTURAL_AMPHITHEATER_CULTURE_MOD'		),
		('MODIFIER_CSE_CULTURAL_AMPHITHEATER_CULTURE_MOD',			'BuildingType',		'BUILDING_AMPHITHEATER'									),
		('MODIFIER_CSE_CULTURAL_AMPHITHEATER_CULTURE_MOD',			'YieldType',		'YIELD_CULTURE'											),
		('MODIFIER_CSE_CULTURAL_AMPHITHEATER_CULTURE_MOD',			'Amount',			2														),
		('MODIFIER_CSE_CULTURAL_AMPHITHEATER_CULTURE_MOD',			'CityStatesOnly',	1														),
		('MODIFIER_CSE_CULTURAL_MUSEUM_ART_CULTURE',				'ModifierId',		'MODIFIER_CSE_CULTURAL_MUSEUM_ART_CULTURE_MOD'			),
		('MODIFIER_CSE_CULTURAL_MUSEUM_ART_CULTURE_MOD',			'BuildingType',		'BUILDING_MUSEUM_ART'									),
		('MODIFIER_CSE_CULTURAL_MUSEUM_ART_CULTURE_MOD',			'YieldType',		'YIELD_CULTURE'											),
		('MODIFIER_CSE_CULTURAL_MUSEUM_ART_CULTURE_MOD',			'Amount',			2														),
		('MODIFIER_CSE_CULTURAL_MUSEUM_ART_CULTURE_MOD',			'CityStatesOnly',	1														),
		('MODIFIER_CSE_CULTURAL_MUSEUM_ARTIFACT_CULTURE',			'ModifierId',		'MODIFIER_CSE_CULTURAL_MUSEUM_ARTIFACT_CULTURE_MOD'		),
		('MODIFIER_CSE_CULTURAL_MUSEUM_ARTIFACT_CULTURE_MOD',		'BuildingType',		'BUILDING_MUSEUM_ARTIFACT'								),
		('MODIFIER_CSE_CULTURAL_MUSEUM_ARTIFACT_CULTURE_MOD',		'YieldType',		'YIELD_CULTURE'											),
		('MODIFIER_CSE_CULTURAL_MUSEUM_ARTIFACT_CULTURE_MOD',		'Amount',			2														),
		('MODIFIER_CSE_CULTURAL_MUSEUM_ARTIFACT_CULTURE_MOD',		'CityStatesOnly',	1														),
		('MODIFIER_CSE_CULTURAL_BROADCAST_CENTER_CULTURE',			'ModifierId',		'MODIFIER_CSE_CULTURAL_BROADCAST_CENTER_CULTURE_MOD'	),
		('MODIFIER_CSE_CULTURAL_BROADCAST_CENTER_CULTURE_MOD',		'BuildingType',		'BUILDING_BROADCAST_CENTER'								),
		('MODIFIER_CSE_CULTURAL_BROADCAST_CENTER_CULTURE_MOD',		'YieldType',		'YIELD_CULTURE'											),
		('MODIFIER_CSE_CULTURAL_BROADCAST_CENTER_CULTURE_MOD',		'Amount',			2														),
		('MODIFIER_CSE_CULTURAL_BROADCAST_CENTER_CULTURE_MOD',		'CityStatesOnly',	1														);

-----------------------------------------------
-- ModifierStrings
-----------------------------------------------

INSERT INTO ModifierStrings 
		(ModifierId, 										Context, 	Text												)
VALUES	('MODIFIER_CSE_CULTURAL_CAPITAL_CULTURE', 			'Preview', 	'LOC_CSE_CULTURAL_TRAIT_SMALL_INFLUENCE_BONUS'		),
		('MODIFIER_CSE_CULTURAL_AMPHITHEATER_CULTURE', 		'Preview', 	'LOC_CSE_CULTURAL_TRAIT_MEDIUM_INFLUENCE_BONUS'		),
		('MODIFIER_CSE_CULTURAL_MUSEUM_ART_CULTURE',		'Preview', 	'LOC_CSE_CULTURAL_TRAIT_LARGE_INFLUENCE_BONUS'		),
		('MODIFIER_CSE_CULTURAL_MUSEUM_ARTIFACT_CULTURE',	'Preview', 	'LOC_CSE_CULTURAL_TRAIT_LARGE_INFLUENCE_BONUS'		),
		('MODIFIER_CSE_CULTURAL_BROADCAST_CENTER_CULTURE',	'Preview', 	'LOC_CSE_CULTURAL_TRAIT_LARGE_INFLUENCE_BONUS'		);