/*
	Scientific
	Authors: ChimpanG
*/

-----------------------------------------------
-- TraitModifiers
-----------------------------------------------

DELETE FROM TraitModifiers
WHERE TraitType
IN (
	'MINOR_CIV_SCIENTIFIC_TRAIT'
);

INSERT INTO TraitModifiers 
		(TraitType, 					ModifierId										)
VALUES	('MINOR_CIV_SCIENTIFIC_TRAIT',	'MODIFIER_CSE_SCIENTIFIC_SEND_TRADE_BONUS'		),
		('MINOR_CIV_SCIENTIFIC_TRAIT',	'MODIFIER_CSE_SCIENTIFIC_CAPITAL_SCIENCE'		),
		('MINOR_CIV_SCIENTIFIC_TRAIT',	'MODIFIER_CSE_SCIENTIFIC_LIBRARY_SCIENCE'		),
		('MINOR_CIV_SCIENTIFIC_TRAIT',	'MODIFIER_CSE_SCIENTIFIC_UNIVERSITY_SCIENCE'	),
		('MINOR_CIV_SCIENTIFIC_TRAIT',	'MODIFIER_CSE_SCIENTIFIC_RESEARCH_LAB_SCIENCE'	);

-----------------------------------------------
-- Modifiers
-----------------------------------------------

INSERT INTO Modifiers 
		(ModifierId,											ModifierType,													SubjectRequirementSetId			)
VALUES	('MODIFIER_CSE_SCIENTIFIC_SEND_TRADE_BONUS',			'MODIFIER_PLAYER_CITIES_ADJUST_TRADE_ROUTE_YIELD_TO_OTHERS',	NULL							),
		('MODIFIER_CSE_SCIENTIFIC_CAPITAL_SCIENCE',				'MODIFIER_ALL_PLAYERS_ATTACH_MODIFIER',							'PLAYER_HAS_SMALL_INFLUENCE'	),
		('MODIFIER_CSE_SCIENTIFIC_CAPITAL_SCIENCE_MOD',			'MODIFIER_PLAYER_CAPITAL_CITY_ADJUST_CITY_YIELD_CHANGE',		NULL							),
		('MODIFIER_CSE_SCIENTIFIC_LIBRARY_SCIENCE',				'MODIFIER_ALL_PLAYERS_ATTACH_MODIFIER',							'PLAYER_HAS_MEDIUM_INFLUENCE'	),
		('MODIFIER_CSE_SCIENTIFIC_LIBRARY_SCIENCE_MOD',			'MODIFIER_PLAYER_CITIES_ADJUST_BUILDING_YIELD_CHANGE',			NULL							),
		('MODIFIER_CSE_SCIENTIFIC_UNIVERSITY_SCIENCE',			'MODIFIER_ALL_PLAYERS_ATTACH_MODIFIER',							'PLAYER_HAS_LARGE_INFLUENCE'	),
		('MODIFIER_CSE_SCIENTIFIC_UNIVERSITY_SCIENCE_MOD',		'MODIFIER_PLAYER_CITIES_ADJUST_BUILDING_YIELD_CHANGE',			NULL							),
		('MODIFIER_CSE_SCIENTIFIC_RESEARCH_LAB_SCIENCE',		'MODIFIER_ALL_PLAYERS_ATTACH_MODIFIER',							'PLAYER_HAS_LARGEST_INFLUENCE'	),
		('MODIFIER_CSE_SCIENTIFIC_RESEARCH_LAB_SCIENCE_MOD',	'MODIFIER_PLAYER_CITIES_ADJUST_BUILDING_YIELD_CHANGE',			NULL							);

-----------------------------------------------
-- ModifierArguments
-----------------------------------------------

INSERT INTO ModifierArguments
		(ModifierId,											Name,				Value												)
VALUES	('MODIFIER_CSE_SCIENTIFIC_SEND_TRADE_BONUS',			'YieldType',		'YIELD_SCIENCE'										),
		('MODIFIER_CSE_SCIENTIFIC_SEND_TRADE_BONUS',			'Amount',			1													),
		('MODIFIER_CSE_SCIENTIFIC_CAPITAL_SCIENCE',				'ModifierId',		'MODIFIER_CSE_SCIENTIFIC_CAPITAL_SCIENCE_MOD'		),
		('MODIFIER_CSE_SCIENTIFIC_CAPITAL_SCIENCE_MOD',			'YieldType',		'YIELD_SCIENCE'										),
		('MODIFIER_CSE_SCIENTIFIC_CAPITAL_SCIENCE_MOD',			'Amount',			2													),
		('MODIFIER_CSE_SCIENTIFIC_LIBRARY_SCIENCE',				'ModifierId',		'MODIFIER_CSE_SCIENTIFIC_LIBRARY_SCIENCE_MOD'		),
		('MODIFIER_CSE_SCIENTIFIC_LIBRARY_SCIENCE_MOD',			'BuildingType',		'BUILDING_LIBRARY'									),
		('MODIFIER_CSE_SCIENTIFIC_LIBRARY_SCIENCE_MOD',			'YieldType',		'YIELD_SCIENCE'										),
		('MODIFIER_CSE_SCIENTIFIC_LIBRARY_SCIENCE_MOD',			'Amount',			2													),
		('MODIFIER_CSE_SCIENTIFIC_LIBRARY_SCIENCE_MOD',			'CityStatesOnly',	1													),
		('MODIFIER_CSE_SCIENTIFIC_UNIVERSITY_SCIENCE',			'ModifierId',		'MODIFIER_CSE_SCIENTIFIC_UNIVERSITY_SCIENCE_MOD'	),
		('MODIFIER_CSE_SCIENTIFIC_UNIVERSITY_SCIENCE_MOD',		'BuildingType',		'BUILDING_UNIVERSITY'								),
		('MODIFIER_CSE_SCIENTIFIC_UNIVERSITY_SCIENCE_MOD',		'YieldType',		'YIELD_SCIENCE'										),
		('MODIFIER_CSE_SCIENTIFIC_UNIVERSITY_SCIENCE_MOD',		'Amount',			2													),
		('MODIFIER_CSE_SCIENTIFIC_UNIVERSITY_SCIENCE_MOD',		'CityStatesOnly',	1													),
		('MODIFIER_CSE_SCIENTIFIC_RESEARCH_LAB_SCIENCE',		'ModifierId',		'MODIFIER_CSE_SCIENTIFIC_RESEARCH_LAB_SCIENCE_MOD'	),
		('MODIFIER_CSE_SCIENTIFIC_RESEARCH_LAB_SCIENCE_MOD',	'BuildingType',		'BUILDING_RESEARCH_LAB'								),
		('MODIFIER_CSE_SCIENTIFIC_RESEARCH_LAB_SCIENCE_MOD',	'YieldType',		'YIELD_SCIENCE'										),
		('MODIFIER_CSE_SCIENTIFIC_RESEARCH_LAB_SCIENCE_MOD',	'Amount',			2													),
		('MODIFIER_CSE_SCIENTIFIC_RESEARCH_LAB_SCIENCE_MOD',	'CityStatesOnly',	1													);

-----------------------------------------------
-- ModifierStrings
-----------------------------------------------

INSERT INTO ModifierStrings 
		(ModifierId, 										Context, 	Text												)
VALUES	('MODIFIER_CSE_SCIENTIFIC_CAPITAL_SCIENCE', 		'Preview', 	'LOC_CSE_SCIENTIFIC_TRAIT_SMALL_INFLUENCE_BONUS'	),
		('MODIFIER_CSE_SCIENTIFIC_LIBRARY_SCIENCE', 		'Preview', 	'LOC_CSE_SCIENTIFIC_TRAIT_MEDIUM_INFLUENCE_BONUS'	),
		('MODIFIER_CSE_SCIENTIFIC_UNIVERSITY_SCIENCE',		'Preview', 	'LOC_CSE_SCIENTIFIC_TRAIT_LARGE_INFLUENCE_BONUS'	),
		('MODIFIER_CSE_SCIENTIFIC_RESEARCH_LAB_SCIENCE',	'Preview', 	'LOC_CSE_SCIENTIFIC_TRAIT_LARGEST_INFLUENCE_BONUS'	);