/*
	Militaristic
	Authors: ChimpanG
*/

-----------------------------------------------
-- TraitModifiers
-----------------------------------------------

DELETE FROM TraitModifiers
WHERE TraitType
IN (
	'MINOR_CIV_MILITARISTIC_TRAIT'
);

INSERT INTO TraitModifiers 
		(TraitType, 						ModifierId										)
VALUES	('MINOR_CIV_MILITARISTIC_TRAIT',	'MODIFIER_CSE_MILITARISTIC_SEND_TRADE_BONUS'	),
		('MINOR_CIV_MILITARISTIC_TRAIT',	'MODIFIER_CSE_MILITARISTIC_CAPITAL_UNITS'		),
		('MINOR_CIV_MILITARISTIC_TRAIT',	'MODIFIER_CSE_MILITARISTIC_BARRACKS_UNITS'		),
		('MINOR_CIV_MILITARISTIC_TRAIT',	'MODIFIER_CSE_MILITARISTIC_STABLE_UNITS'		),
		('MINOR_CIV_MILITARISTIC_TRAIT',	'MODIFIER_CSE_MILITARISTIC_ARMORY_UNITS'		),
		('MINOR_CIV_MILITARISTIC_TRAIT',	'MODIFIER_CSE_MILITARISTIC_ACADEMY_UNITS'		);

-----------------------------------------------
-- Modifiers
-----------------------------------------------

INSERT INTO Modifiers 
		(ModifierId,										ModifierType,													SubjectRequirementSetId			)
VALUES	('MODIFIER_CSE_MILITARISTIC_SEND_TRADE_BONUS',		'MODIFIER_PLAYER_CITIES_ADJUST_TRADE_ROUTE_YIELD_TO_OTHERS',	NULL							),
		('MODIFIER_CSE_MILITARISTIC_CAPITAL_UNITS',			'MODIFIER_ALL_PLAYERS_ATTACH_MODIFIER',							'PLAYER_HAS_SMALL_INFLUENCE'	),
		('MODIFIER_CSE_MILITARISTIC_CAPITAL_UNITS_MOD',		'MODIFIER_PLAYER_CAPITAL_CITY_ADJUST_UNIT_PRODUCTION',			NULL							),
		('MODIFIER_CSE_MILITARISTIC_BARRACKS_UNITS',		'MODIFIER_ALL_PLAYERS_ATTACH_MODIFIER',							'PLAYER_HAS_MEDIUM_INFLUENCE'	),
		('MODIFIER_CSE_MILITARISTIC_BARRACKS_UNITS_MOD',	'MODIFIER_PLAYER_CITIES_ADJUST_UNIT_PRODUCTION_CHANGE',			'REQSET_CSE_CITY_HAS_BARRACKS'	),
		('MODIFIER_CSE_MILITARISTIC_STABLE_UNITS',			'MODIFIER_ALL_PLAYERS_ATTACH_MODIFIER',							'PLAYER_HAS_MEDIUM_INFLUENCE'	),
		('MODIFIER_CSE_MILITARISTIC_STABLE_UNITS_MOD',		'MODIFIER_PLAYER_CITIES_ADJUST_UNIT_PRODUCTION_CHANGE',			'REQSET_CSE_CITY_HAS_STABLE'	),
		('MODIFIER_CSE_MILITARISTIC_ARMORY_UNITS',			'MODIFIER_ALL_PLAYERS_ATTACH_MODIFIER',							'PLAYER_HAS_LARGE_INFLUENCE'	),
		('MODIFIER_CSE_MILITARISTIC_ARMORY_UNITS_MOD',		'MODIFIER_PLAYER_CITIES_ADJUST_UNIT_PRODUCTION_CHANGE',			'REQSET_CSE_CITY_HAS_ARMORY'	),
		('MODIFIER_CSE_MILITARISTIC_ACADEMY_UNITS',			'MODIFIER_ALL_PLAYERS_ATTACH_MODIFIER',							'PLAYER_HAS_LARGEST_INFLUENCE'	),
		('MODIFIER_CSE_MILITARISTIC_ACADEMY_UNITS_MOD',		'MODIFIER_PLAYER_CITIES_ADJUST_UNIT_PRODUCTION_CHANGE',			'REQSET_CSE_CITY_HAS_ACADEMY'	);

-----------------------------------------------
-- ModifierArguments
-----------------------------------------------

INSERT INTO ModifierArguments
		(ModifierId,										Name,				Value											)
VALUES	('MODIFIER_CSE_MILITARISTIC_SEND_TRADE_BONUS',		'YieldType',		'YIELD_PRODUCTION'								),
		('MODIFIER_CSE_MILITARISTIC_SEND_TRADE_BONUS',		'Amount',			1												),
		('MODIFIER_CSE_MILITARISTIC_CAPITAL_UNITS',			'ModifierId',		'MODIFIER_CSE_MILITARISTIC_CAPITAL_UNITS_MOD'	),
		('MODIFIER_CSE_MILITARISTIC_CAPITAL_UNITS_MOD',		'Amount',			2												),
		('MODIFIER_CSE_MILITARISTIC_BARRACKS_UNITS',		'ModifierId',		'MODIFIER_CSE_MILITARISTIC_BARRACKS_UNITS_MOD'	),
		('MODIFIER_CSE_MILITARISTIC_BARRACKS_UNITS_MOD',	'Amount',			2												),
		('MODIFIER_CSE_MILITARISTIC_STABLE_UNITS',			'ModifierId',		'MODIFIER_CSE_MILITARISTIC_STABLE_UNITS_MOD'	),
		('MODIFIER_CSE_MILITARISTIC_STABLE_UNITS_MOD',		'Amount',			2												),
		('MODIFIER_CSE_MILITARISTIC_ARMORY_UNITS',			'ModifierId',		'MODIFIER_CSE_MILITARISTIC_ARMORY_UNITS_MOD'	),
		('MODIFIER_CSE_MILITARISTIC_ARMORY_UNITS_MOD',		'Amount',			2												),
		('MODIFIER_CSE_MILITARISTIC_ACADEMY_UNITS',			'ModifierId',		'MODIFIER_CSE_MILITARISTIC_ACADEMY_UNITS_MOD'	),
		('MODIFIER_CSE_MILITARISTIC_ACADEMY_UNITS_MOD',		'Amount',			2												);

-----------------------------------------------
-- ModifierStrings
-----------------------------------------------

INSERT INTO ModifierStrings 
		(ModifierId, 									Context, 	Text												)
VALUES	('MODIFIER_CSE_MILITARISTIC_CAPITAL_UNITS', 	'Preview', 	'LOC_CSE_MILITARISTIC_TRAIT_SMALL_INFLUENCE_BONUS'	),
		('MODIFIER_CSE_MILITARISTIC_BARRACKS_UNITS', 	'Preview', 	'LOC_CSE_MILITARISTIC_TRAIT_MEDIUM_INFLUENCE_BONUS'	),
		('MODIFIER_CSE_MILITARISTIC_STABLE_UNITS',	 	'Preview', 	'LOC_CSE_MILITARISTIC_TRAIT_MEDIUM_INFLUENCE_BONUS'	),
		('MODIFIER_CSE_MILITARISTIC_ARMORY_UNITS', 		'Preview', 	'LOC_CSE_MILITARISTIC_TRAIT_LARGE_INFLUENCE_BONUS'	),
		('MODIFIER_CSE_MILITARISTIC_ACADEMY_UNITS', 	'Preview', 	'LOC_CSE_MILITARISTIC_TRAIT_LARGEST_INFLUENCE_BONUS');

-----------------------------------------------
-- RequirementSets
-----------------------------------------------

INSERT INTO RequirementSets
		(RequirementSetId,					RequirementSetType			)
VALUES	('REQSET_CSE_CITY_HAS_BARRACKS',	'REQUIREMENTSET_TEST_ALL'	),
		('REQSET_CSE_CITY_HAS_STABLE',		'REQUIREMENTSET_TEST_ALL'	),
		('REQSET_CSE_CITY_HAS_ARMORY',		'REQUIREMENTSET_TEST_ALL'	),
		('REQSET_CSE_CITY_HAS_ACADEMY',		'REQUIREMENTSET_TEST_ALL'	);

-----------------------------------------------
-- RequirementSetRequirements
-----------------------------------------------

INSERT INTO RequirementSetRequirements
		(RequirementSetId,					RequirementId				)
VALUES	('REQSET_CSE_CITY_HAS_BARRACKS',	'REQ_CSE_CITY_HAS_BARRACKS'	),
		('REQSET_CSE_CITY_HAS_STABLE',		'REQ_CSE_CITY_HAS_STABLE'	),
		('REQSET_CSE_CITY_HAS_ARMORY',		'REQ_CSE_CITY_HAS_ARMORY'	),
		('REQSET_CSE_CITY_HAS_ACADEMY',		'REQ_CSE_CITY_HAS_ACADEMY'	);

-----------------------------------------------
-- Requirements
-----------------------------------------------

INSERT INTO Requirements
		(RequirementId,					RequirementType					)
VALUES	('REQ_CSE_CITY_HAS_BARRACKS',	'REQUIREMENT_CITY_HAS_BUILDING'	),
		('REQ_CSE_CITY_HAS_STABLE',		'REQUIREMENT_CITY_HAS_BUILDING'	),
		('REQ_CSE_CITY_HAS_ARMORY',		'REQUIREMENT_CITY_HAS_BUILDING'	),
		('REQ_CSE_CITY_HAS_ACADEMY',	'REQUIREMENT_CITY_HAS_BUILDING'	);

-----------------------------------------------
-- RequirementArguments
-----------------------------------------------
		
INSERT INTO RequirementArguments
		(RequirementId,					Name,				Value						)
VALUES	('REQ_CSE_CITY_HAS_BARRACKS',	'BuildingType',		'BUILDING_BARRACKS'			),
		('REQ_CSE_CITY_HAS_STABLE',		'BuildingType',		'BUILDING_STABLE'			),
		('REQ_CSE_CITY_HAS_ARMORY',		'BuildingType',		'BUILDING_ARMORY'			),
		('REQ_CSE_CITY_HAS_ACADEMY',	'BuildingType',		'BUILDING_MILITARY_ACADEMY'	);