/*
	Chan Chan
	~ Your Palace provides double yields, Amenities, and Housing. Specialty districts provide +50% of their native yield when adjacent to a Government Plaza, Entertainment Complex or Waterpark district.

	Authors: p0kiehl
*/

-----------------------------------------------
-- Types
-----------------------------------------------

INSERT INTO Types
		(Type,										Kind			)
VALUES	('MODTYPE_CSE_CHAN_CHAN_CAPITAL_AMENITIES',	'KIND_MODIFIER'	);

-----------------------------------------------
-- TraitModifiers
-----------------------------------------------

INSERT INTO TraitModifiers
		(TraitType,							ModifierId											)
VALUES	('MINOR_CIV_CSE_CHAN_CHAN_TRAIT',	'CSE_CHAN_CHAN_SUZERAIN_PALACE_SCIENCE'				),
		('MINOR_CIV_CSE_CHAN_CHAN_TRAIT',	'CSE_CHAN_CHAN_SUZERAIN_PALACE_CULTURE'				),
		('MINOR_CIV_CSE_CHAN_CHAN_TRAIT',	'CSE_CHAN_CHAN_SUZERAIN_PALACE_GOLD'				),
		('MINOR_CIV_CSE_CHAN_CHAN_TRAIT',	'CSE_CHAN_CHAN_SUZERAIN_PALACE_PRODUCTION'			),
		('MINOR_CIV_CSE_CHAN_CHAN_TRAIT',	'CSE_CHAN_CHAN_SUZERAIN_PALACE_AMENITIES'			),
		('MINOR_CIV_CSE_CHAN_CHAN_TRAIT',	'CSE_CHAN_CHAN_SUZERAIN_PALACE_HOUSING'				),
		('MINOR_CIV_CSE_CHAN_CHAN_TRAIT',	'CSE_CHAN_CHAN_SUZERAIN_CAMPUS_ADJACENCY'			),
		('MINOR_CIV_CSE_CHAN_CHAN_TRAIT',	'CSE_CHAN_CHAN_SUZERAIN_THEATER_ADJACENCY'			),
		('MINOR_CIV_CSE_CHAN_CHAN_TRAIT',	'CSE_CHAN_CHAN_SUZERAIN_HOLY_SITE_ADJACENCY'		),
		('MINOR_CIV_CSE_CHAN_CHAN_TRAIT',	'CSE_CHAN_CHAN_SUZERAIN_COMMERCIAL_HUB_ADJACENCY'	),
		('MINOR_CIV_CSE_CHAN_CHAN_TRAIT',	'CSE_CHAN_CHAN_SUZERAIN_HARBOR_ADJACENCY'			),
		('MINOR_CIV_CSE_CHAN_CHAN_TRAIT',	'CSE_CHAN_CHAN_SUZERAIN_INDUSTRIAL_ZONE_ADJACENCY'	);

-----------------------------------------------
-- DynamicModifiers
-----------------------------------------------

INSERT INTO DynamicModifiers
		(ModifierType,								CollectionType,						EffectType										)
VALUES	('MODTYPE_CSE_CHAN_CHAN_CAPITAL_AMENITIES',	'COLLECTION_PLAYER_CAPITAL_CITY',	'EFFECT_ADJUST_CITY_AMENITIES_FROM_CITY_STATES'	);

-----------------------------------------------
-- Modifiers
-----------------------------------------------

INSERT INTO Modifiers
		(ModifierId,											ModifierType,												SubjectRequirementSetId					)
VALUES	('CSE_CHAN_CHAN_SUZERAIN_PALACE_SCIENCE',				'MODIFIER_ALL_PLAYERS_ATTACH_MODIFIER',						'PLAYER_IS_SUZERAIN'					),
		('CSE_CHAN_CHAN_SUZERAIN_PALACE_CULTURE',				'MODIFIER_ALL_PLAYERS_ATTACH_MODIFIER',						'PLAYER_IS_SUZERAIN'					),
		('CSE_CHAN_CHAN_SUZERAIN_PALACE_GOLD',					'MODIFIER_ALL_PLAYERS_ATTACH_MODIFIER',						'PLAYER_IS_SUZERAIN'					),
		('CSE_CHAN_CHAN_SUZERAIN_PALACE_PRODUCTION',			'MODIFIER_ALL_PLAYERS_ATTACH_MODIFIER',						'PLAYER_IS_SUZERAIN'					),
		('CSE_CHAN_CHAN_SUZERAIN_PALACE_AMENITIES',				'MODIFIER_ALL_PLAYERS_ATTACH_MODIFIER',						'PLAYER_IS_SUZERAIN'					),
		('CSE_CHAN_CHAN_SUZERAIN_PALACE_HOUSING',				'MODIFIER_ALL_PLAYERS_ATTACH_MODIFIER',						'PLAYER_IS_SUZERAIN'					),
		('CSE_CHAN_CHAN_SUZERAIN_CAMPUS_ADJACENCY',				'MODIFIER_ALL_PLAYERS_ATTACH_MODIFIER',						'PLAYER_IS_SUZERAIN'					),
		('CSE_CHAN_CHAN_SUZERAIN_THEATER_ADJACENCY',			'MODIFIER_ALL_PLAYERS_ATTACH_MODIFIER',						'PLAYER_IS_SUZERAIN'					),
		('CSE_CHAN_CHAN_SUZERAIN_HOLY_SITE_ADJACENCY',			'MODIFIER_ALL_PLAYERS_ATTACH_MODIFIER',						'PLAYER_IS_SUZERAIN'					),
		('CSE_CHAN_CHAN_SUZERAIN_COMMERCIAL_HUB_ADJACENCY',		'MODIFIER_ALL_PLAYERS_ATTACH_MODIFIER',						'PLAYER_IS_SUZERAIN'					),
		('CSE_CHAN_CHAN_SUZERAIN_HARBOR_ADJACENCY',				'MODIFIER_ALL_PLAYERS_ATTACH_MODIFIER',						'PLAYER_IS_SUZERAIN'					),
		('CSE_CHAN_CHAN_SUZERAIN_INDUSTRIAL_ZONE_ADJACENCY',	'MODIFIER_ALL_PLAYERS_ATTACH_MODIFIER',						'PLAYER_IS_SUZERAIN'					),
		('CSE_CHAN_CHAN_PALACE_SCIENCE',						'MODIFIER_PLAYER_CITIES_ADJUST_BUILDING_YIELD_MODIFIER',	NULL									),
		('CSE_CHAN_CHAN_PALACE_CULTURE',						'MODIFIER_PLAYER_CITIES_ADJUST_BUILDING_YIELD_MODIFIER',	NULL									),
		('CSE_CHAN_CHAN_PALACE_GOLD',							'MODIFIER_PLAYER_CITIES_ADJUST_BUILDING_YIELD_MODIFIER',	NULL									),
		('CSE_CHAN_CHAN_PALACE_PRODUCTION',						'MODIFIER_PLAYER_CITIES_ADJUST_BUILDING_YIELD_MODIFIER',	NULL									),
		('CSE_CHAN_CHAN_PALACE_AMENITIES',						'MODTYPE_CSE_CHAN_CHAN_CAPITAL_AMENITIES',					NULL									),
		('CSE_CHAN_CHAN_PALACE_HOUSING',						'MODIFIER_PLAYER_CITIES_ADJUST_BUILDING_HOUSING',			NULL									),
		('CSE_CHAN_CHAN_CAMPUS_ADJACENCY',						'MODIFIER_PLAYER_DISTRICTS_ADJUST_YIELD_MODIFIER',			'REQSET_CSE_CHAN_CHAN_ADJ_CAMPUS'		),
		('CSE_CHAN_CHAN_THEATER_ADJACENCY',						'MODIFIER_PLAYER_DISTRICTS_ADJUST_YIELD_MODIFIER',			'REQSET_CSE_CHAN_CHAN_ADJ_THEATER'		),
		('CSE_CHAN_CHAN_HOLY_SITE_ADJACENCY',					'MODIFIER_PLAYER_DISTRICTS_ADJUST_YIELD_MODIFIER',			'REQSET_CSE_CHAN_CHAN_ADJ_HOLY_SITE'	),
		('CSE_CHAN_CHAN_COMMERCIAL_HUB_ADJACENCY',				'MODIFIER_PLAYER_DISTRICTS_ADJUST_YIELD_MODIFIER',			'REQSET_CSE_CHAN_CHAN_ADJ_COMMERCIAL'	),
		('CSE_CHAN_CHAN_HARBOR_ADJACENCY',						'MODIFIER_PLAYER_DISTRICTS_ADJUST_YIELD_MODIFIER',			'REQSET_CSE_CHAN_CHAN_ADJ_HARBOR'		),
		('CSE_CHAN_CHAN_INDUSTRIAL_ZONE_ADJACENCY',				'MODIFIER_PLAYER_DISTRICTS_ADJUST_YIELD_MODIFIER',			'REQSET_CSE_CHAN_CHAN_ADJ_INDUSTRIAL'	);

-----------------------------------------------
-- ModifierArguments
-----------------------------------------------

INSERT INTO ModifierArguments
		(ModifierId,											Name,			Value										)
VALUES	('CSE_CHAN_CHAN_SUZERAIN_CAMPUS_ADJACENCY',				'ModifierId',	'CSE_CHAN_CHAN_CAMPUS_ADJACENCY'			),
		('CSE_CHAN_CHAN_SUZERAIN_THEATER_ADJACENCY',			'ModifierId',	'CSE_CHAN_CHAN_THEATER_ADJACENCY'			),
		('CSE_CHAN_CHAN_SUZERAIN_HOLY_SITE_ADJACENCY',			'ModifierId',	'CSE_CHAN_CHAN_HOLY_SITE_ADJACENCY'			),
		('CSE_CHAN_CHAN_SUZERAIN_COMMERCIAL_HUB_ADJACENCY',		'ModifierId',	'CSE_CHAN_CHAN_COMMERCIAL_HUB_ADJACENCY'	),
		('CSE_CHAN_CHAN_SUZERAIN_HARBOR_ADJACENCY',				'ModifierId',	'CSE_CHAN_CHAN_HARBOR_ADJACENCY'			),
		('CSE_CHAN_CHAN_SUZERAIN_INDUSTRIAL_ZONE_ADJACENCY',	'ModifierId',	'CSE_CHAN_CHAN_INDUSTRIAL_ZONE_ADJACENCY'	),
		('CSE_CHAN_CHAN_PALACE_SCIENCE',						'BuildingType',	'BUILDING_PALACE'							),
		('CSE_CHAN_CHAN_PALACE_SCIENCE',						'YieldType',	'YIELD_SCIENCE'								),
		('CSE_CHAN_CHAN_PALACE_SCIENCE',						'Amount',		100											),
		('CSE_CHAN_CHAN_PALACE_CULTURE',						'BuildingType',	'BUILDING_PALACE'							),
		('CSE_CHAN_CHAN_PALACE_CULTURE',						'YieldType',	'YIELD_CULTURE'								),
		('CSE_CHAN_CHAN_PALACE_CULTURE',						'Amount',		100											),
		('CSE_CHAN_CHAN_PALACE_GOLD',							'BuildingType',	'BUILDING_PALACE'							),
		('CSE_CHAN_CHAN_PALACE_GOLD',							'YieldType',	'YIELD_GOLD'								),
		('CSE_CHAN_CHAN_PALACE_GOLD',							'Amount',		100											),
		('CSE_CHAN_CHAN_PALACE_PRODUCTION',						'BuildingType',	'BUILDING_PALACE'							),
		('CSE_CHAN_CHAN_PALACE_PRODUCTION',						'YieldType',	'YIELD_PRODUCTION'							),
		('CSE_CHAN_CHAN_PALACE_PRODUCTION',						'Amount',		100											),
		('CSE_CHAN_CHAN_PALACE_AMENITIES',						'Amount',		1											),
		('CSE_CHAN_CHAN_PALACE_HOUSING',						'BuildingType',	'BUILDING_PALACE'							),
		('CSE_CHAN_CHAN_PALACE_HOUSING',						'Amount',		1											),
		('CSE_CHAN_CHAN_CAMPUS_ADJACENCY',						'YieldType',	'YIELD_SCIENCE'								),
		('CSE_CHAN_CHAN_CAMPUS_ADJACENCY',						'Amount',		50											),
		('CSE_CHAN_CHAN_THEATER_ADJACENCY',						'YieldType',	'YIELD_CULTURE'								),
		('CSE_CHAN_CHAN_THEATER_ADJACENCY',						'Amount',		50											),
		('CSE_CHAN_CHAN_HOLY_SITE_ADJACENCY',					'YieldType',	'YIELD_FAITH'								),
		('CSE_CHAN_CHAN_HOLY_SITE_ADJACENCY',					'Amount',		50											),
		('CSE_CHAN_CHAN_COMMERCIAL_HUB_ADJACENCY',				'YieldType',	'YIELD_GOLD'								),
		('CSE_CHAN_CHAN_COMMERCIAL_HUB_ADJACENCY',				'Amount',		50											),
		('CSE_CHAN_CHAN_HARBOR_ADJACENCY',						'YieldType',	'YIELD_GOLD'								),
		('CSE_CHAN_CHAN_HARBOR_ADJACENCY',						'Amount',		50											),
		('CSE_CHAN_CHAN_INDUSTRIAL_ZONE_ADJACENCY',				'YieldType',	'YIELD_PRODUCTION'							),
		('CSE_CHAN_CHAN_INDUSTRIAL_ZONE_ADJACENCY',				'Amount',		50											);

-----------------------------------------------
-- RequirementSets
-----------------------------------------------

INSERT INTO RequirementSets
		(RequirementSetId,						RequirementSetType			)
VALUES	('REQSET_CSE_CHAN_CHAN_ADJ_CAMPUS',		'REQUIREMENTSET_TEST_ALL'	),
		('REQSET_CSE_CHAN_CHAN_ADJ_THEATER',	'REQUIREMENTSET_TEST_ALL'	),
		('REQSET_CSE_CHAN_CHAN_ADJ_HOLY_SITE',	'REQUIREMENTSET_TEST_ALL'	),
		('REQSET_CSE_CHAN_CHAN_ADJ_COMMERCIAL',	'REQUIREMENTSET_TEST_ALL'	),
		('REQSET_CSE_CHAN_CHAN_ADJ_HARBOR',		'REQUIREMENTSET_TEST_ALL'	),
		('REQSET_CSE_CHAN_CHAN_ADJ_INDUSTRIAL',	'REQUIREMENTSET_TEST_ALL'	),
		('REQSET_CSE_CHAN_CHAN_ADJ_GOV_PLAZA',	'REQUIREMENTSET_TEST_ANY'	);

-----------------------------------------------
-- RequirementSetRequirements
-----------------------------------------------

INSERT INTO RequirementSetRequirements
		(RequirementSetId,						RequirementId							)
VALUES	('REQSET_CSE_CHAN_CHAN_ADJ_CAMPUS',		'REQ_CSE_CHAN_CHAN_ADJ_CAMPUS'			),
		('REQSET_CSE_CHAN_CHAN_ADJ_CAMPUS',		'REQ_CSE_CHAN_CHAN_ADJ_GOV_PLAZA'		),
		('REQSET_CSE_CHAN_CHAN_ADJ_THEATER',	'REQ_CSE_CHAN_CHAN_ADJ_THEATER'			),
		('REQSET_CSE_CHAN_CHAN_ADJ_THEATER',	'REQ_CSE_CHAN_CHAN_ADJ_GOV_PLAZA'		),
		('REQSET_CSE_CHAN_CHAN_ADJ_HOLY_SITE',	'REQ_CSE_CHAN_CHAN_ADJ_HOLY_SITE'		),
		('REQSET_CSE_CHAN_CHAN_ADJ_HOLY_SITE',	'REQ_CSE_CHAN_CHAN_ADJ_GOV_PLAZA'		),
		('REQSET_CSE_CHAN_CHAN_ADJ_COMMERCIAL',	'REQ_CSE_CHAN_CHAN_ADJ_COMMERCIAL'		),
		('REQSET_CSE_CHAN_CHAN_ADJ_COMMERCIAL',	'REQ_CSE_CHAN_CHAN_ADJ_GOV_PLAZA'		),
		('REQSET_CSE_CHAN_CHAN_ADJ_HARBOR',		'REQ_CSE_CHAN_CHAN_ADJ_HARBOR'			),
		('REQSET_CSE_CHAN_CHAN_ADJ_HARBOR',		'REQ_CSE_CHAN_CHAN_ADJ_GOV_PLAZA'		),
		('REQSET_CSE_CHAN_CHAN_ADJ_INDUSTRIAL',	'REQ_CSE_CHAN_CHAN_ADJ_INDUSTRIAL'		),
		('REQSET_CSE_CHAN_CHAN_ADJ_INDUSTRIAL',	'REQ_CSE_CHAN_CHAN_ADJ_GOV_PLAZA'		),
		('REQSET_CSE_CHAN_CHAN_ADJ_GOV_PLAZA',	'REQ_CSE_CHAN_CHAN_ADJ_PLAZA'			),
		('REQSET_CSE_CHAN_CHAN_ADJ_GOV_PLAZA',	'REQ_CSE_CHAN_CHAN_ADJ_ENTERTAINMENT'	),
		('REQSET_CSE_CHAN_CHAN_ADJ_GOV_PLAZA',	'REQ_CSE_CHAN_CHAN_ADJ_WATERPARK'		);

-----------------------------------------------
-- Requirements
-----------------------------------------------

INSERT INTO Requirements
		(RequirementId,							RequirementType,									Inverse	)
VALUES	('REQ_CSE_CHAN_CHAN_ADJ_CAMPUS',		'REQUIREMENT_DISTRICT_TYPE_MATCHES',				0		),
		('REQ_CSE_CHAN_CHAN_ADJ_THEATER',		'REQUIREMENT_DISTRICT_TYPE_MATCHES',				0		),
		('REQ_CSE_CHAN_CHAN_ADJ_HOLY_SITE',		'REQUIREMENT_DISTRICT_TYPE_MATCHES',				0		),
		('REQ_CSE_CHAN_CHAN_ADJ_COMMERCIAL',	'REQUIREMENT_DISTRICT_TYPE_MATCHES',				0		),
		('REQ_CSE_CHAN_CHAN_ADJ_HARBOR',		'REQUIREMENT_DISTRICT_TYPE_MATCHES',				0		),
		('REQ_CSE_CHAN_CHAN_ADJ_INDUSTRIAL',	'REQUIREMENT_DISTRICT_TYPE_MATCHES',				0		),
		('REQ_CSE_CHAN_CHAN_ADJ_GOV_PLAZA',		'REQUIREMENT_REQUIREMENTSET_IS_MET',				0		),
		('REQ_CSE_CHAN_CHAN_ADJ_PLAZA',			'REQUIREMENT_PLOT_ADJACENT_DISTRICT_TYPE_MATCHES',	0		),
		('REQ_CSE_CHAN_CHAN_ADJ_ENTERTAINMENT',	'REQUIREMENT_PLOT_ADJACENT_DISTRICT_TYPE_MATCHES',	0		),
		('REQ_CSE_CHAN_CHAN_ADJ_WATERPARK',		'REQUIREMENT_PLOT_ADJACENT_DISTRICT_TYPE_MATCHES',	0		);

-----------------------------------------------
-- RequirementArguments
-----------------------------------------------
		
INSERT INTO RequirementArguments
		(RequirementId,							Name,				Value									)
VALUES	('REQ_CSE_CHAN_CHAN_ADJ_CAMPUS',		'DistrictType',		'DISTRICT_CAMPUS'						),
		('REQ_CSE_CHAN_CHAN_ADJ_THEATER',		'DistrictType',		'DISTRICT_THEATER'						),
		('REQ_CSE_CHAN_CHAN_ADJ_HOLY_SITE',		'DistrictType',		'DISTRICT_HOLY_SITE'					),
		('REQ_CSE_CHAN_CHAN_ADJ_COMMERCIAL',	'DistrictType',		'DISTRICT_COMMERCIAL_HUB'				),
		('REQ_CSE_CHAN_CHAN_ADJ_HARBOR',		'DistrictType',		'DISTRICT_HARBOR'						),
		('REQ_CSE_CHAN_CHAN_ADJ_INDUSTRIAL',	'DistrictType',		'DISTRICT_INDUSTRIAL_ZONE'				),
		('REQ_CSE_CHAN_CHAN_ADJ_GOV_PLAZA',		'RequirementSetId',	'REQSET_CSE_CHAN_CHAN_ADJ_GOV_PLAZA'	),
		('REQ_CSE_CHAN_CHAN_ADJ_PLAZA',			'DistrictType',		'DISTRICT_GOVERNMENT'					),
		('REQ_CSE_CHAN_CHAN_ADJ_PLAZA',			'MaxRange',			1										),
		('REQ_CSE_CHAN_CHAN_ADJ_ENTERTAINMENT',	'DistrictType',		'DISTRICT_ENTERTAINMENT_COMPLEX'		),
		('REQ_CSE_CHAN_CHAN_ADJ_ENTERTAINMENT',	'MaxRange',			1										),
		('REQ_CSE_CHAN_CHAN_ADJ_WATERPARK',		'DistrictType',		'DISTRICT_WATER_ENTERTAINMENT_COMPLEX'	),
		('REQ_CSE_CHAN_CHAN_ADJ_WATERPARK',		'MaxRange',			1										);