/*
	Beikthano
	~ Your cities receive +3 Ranged Strength and +5 Defensive Strength for each level of Walls constructed within them.

	Authors: thecrazyscotsman
*/

-----------------------------------------------
-- TraitModifiers
-----------------------------------------------

INSERT INTO TraitModifiers
		(TraitType,							ModifierId									)
VALUES	('MINOR_CIV_CSE_BEIKTHANO_TRAIT',	'CSE_BEIKTHANO_SUZERAIN_WALLS_DEFENSE'		),
		('MINOR_CIV_CSE_BEIKTHANO_TRAIT',	'CSE_BEIKTHANO_SUZERAIN_WALLS_RANGED'		),
		('MINOR_CIV_CSE_BEIKTHANO_TRAIT',	'CSE_BEIKTHANO_SUZERAIN_CASTLE_DEFENSE'		),
		('MINOR_CIV_CSE_BEIKTHANO_TRAIT',	'CSE_BEIKTHANO_SUZERAIN_CASTLE_RANGED'		),
		('MINOR_CIV_CSE_BEIKTHANO_TRAIT',	'CSE_BEIKTHANO_SUZERAIN_STAR_FORT_DEFENSE'	),
		('MINOR_CIV_CSE_BEIKTHANO_TRAIT',	'CSE_BEIKTHANO_SUZERAIN_STAR_FORT_RANGED'	);

-----------------------------------------------
-- Modifiers
-----------------------------------------------

INSERT INTO Modifiers
		(ModifierId,									ModifierType,									SubjectRequirementSetId			)
VALUES	('CSE_BEIKTHANO_SUZERAIN_WALLS_DEFENSE',		'MODIFIER_ALL_PLAYERS_ATTACH_MODIFIER',			'PLAYER_IS_SUZERAIN'			),
		('CSE_BEIKTHANO_SUZERAIN_WALLS_RANGED',			'MODIFIER_ALL_PLAYERS_ATTACH_MODIFIER',			'PLAYER_IS_SUZERAIN'			),
		('CSE_BEIKTHANO_SUZERAIN_CASTLE_DEFENSE',		'MODIFIER_ALL_PLAYERS_ATTACH_MODIFIER',			'PLAYER_IS_SUZERAIN'			),
		('CSE_BEIKTHANO_SUZERAIN_CASTLE_RANGED',		'MODIFIER_ALL_PLAYERS_ATTACH_MODIFIER',			'PLAYER_IS_SUZERAIN'			),
		('CSE_BEIKTHANO_SUZERAIN_STAR_FORT_DEFENSE',	'MODIFIER_ALL_PLAYERS_ATTACH_MODIFIER',			'PLAYER_IS_SUZERAIN'			),
		('CSE_BEIKTHANO_SUZERAIN_STAR_FORT_RANGED',		'MODIFIER_ALL_PLAYERS_ATTACH_MODIFIER',			'PLAYER_IS_SUZERAIN'			),
		('CSE_BEIKTHANO_WALLS_DEFENSE',					'MODIFIER_PLAYER_CITIES_ADJUST_OUTER_DEFENSE',	'CITY_HAS_ANCIENT_WALLS'		),
		('CSE_BEIKTHANO_WALLS_RANGED',					'MODIFIER_PLAYER_CITIES_ADJUST_RANGED_STRIKE',	'CITY_HAS_ANCIENT_WALLS'		),
		('CSE_BEIKTHANO_CASTLE_DEFENSE',				'MODIFIER_PLAYER_CITIES_ADJUST_OUTER_DEFENSE',	'CITY_HAS_MEDIEVAL_WALLS'		),
		('CSE_BEIKTHANO_CASTLE_RANGED',					'MODIFIER_PLAYER_CITIES_ADJUST_RANGED_STRIKE',	'CITY_HAS_MEDIEVAL_WALLS'		),
		('CSE_BEIKTHANO_STAR_FORT_DEFENSE',				'MODIFIER_PLAYER_CITIES_ADJUST_OUTER_DEFENSE',	'CITY_HAS_RENAISSANCE_WALLS'	),
		('CSE_BEIKTHANO_STAR_FORT_RANGED',				'MODIFIER_PLAYER_CITIES_ADJUST_RANGED_STRIKE',	'CITY_HAS_RENAISSANCE_WALLS'	);

-----------------------------------------------
-- ModifierArguments
-----------------------------------------------

INSERT INTO ModifierArguments
		(ModifierId,									Name,			Value								)
VALUES	('CSE_BEIKTHANO_SUZERAIN_WALLS_DEFENSE',		'ModifierId',	'CSE_BEIKTHANO_WALLS_DEFENSE'		),
		('CSE_BEIKTHANO_SUZERAIN_WALLS_RANGED',			'ModifierId',	'CSE_BEIKTHANO_WALLS_RANGED'		),
		('CSE_BEIKTHANO_SUZERAIN_CASTLE_DEFENSE',		'ModifierId',	'CSE_BEIKTHANO_CASTLE_DEFENSE'		),
		('CSE_BEIKTHANO_SUZERAIN_CASTLE_RANGED',		'ModifierId',	'CSE_BEIKTHANO_CASTLE_RANGED'		),
		('CSE_BEIKTHANO_SUZERAIN_STAR_FORT_DEFENSE',	'ModifierId',	'CSE_BEIKTHANO_STAR_FORT_DEFENSE'	),
		('CSE_BEIKTHANO_SUZERAIN_STAR_FORT_RANGED',		'ModifierId',	'CSE_BEIKTHANO_STAR_FORT_RANGED'	),
		('CSE_BEIKTHANO_WALLS_DEFENSE',					'Amount',		5									),
		('CSE_BEIKTHANO_WALLS_RANGED',					'Amount',		3									),
		('CSE_BEIKTHANO_CASTLE_DEFENSE',				'Amount',		5									),
		('CSE_BEIKTHANO_CASTLE_RANGED',					'Amount',		3									),
		('CSE_BEIKTHANO_STAR_FORT_DEFENSE',				'Amount',		5									),
		('CSE_BEIKTHANO_STAR_FORT_RANGED',				'Amount',		3									);