--=====
--TYPES
--=====
INSERT INTO Types
				(Type, 																	Kind)
VALUES
				('CVS_ABILITY_GUAPONDELIG_HILL_MOVEMENT', 	'KIND_ABILITY'),
				('CVS_ABILITY_GUAPONDELIG_HILL_COMBAT', 		'KIND_ABILITY'),
				('CVS_ABILITY_KADESH_CAVALRY_PUSHBACK', 		'KIND_ABILITY'),
				('CVS_ABILITY_SERIC_IRON', 								'KIND_ABILITY');

--=========
--TYPE TAGS
--=========
INSERT INTO TypeTags
				(Type, 																	Tag)
VALUES
				('CVS_ABILITY_GUAPONDELIG_HILL_MOVEMENT', 	'CLASS_MELEE'),
				('CVS_ABILITY_GUAPONDELIG_HILL_MOVEMENT', 	'CLASS_ANTI_CAVALRY'),
				('CVS_ABILITY_GUAPONDELIG_HILL_MOVEMENT', 	'CLASS_LANDCIVILIAN'),
				('CVS_ABILITY_GUAPONDELIG_HILL_COMBAT', 		'CLASS_MELEE'),
				('CVS_ABILITY_GUAPONDELIG_HILL_COMBAT', 		'CLASS_ANTI_CAVALRY'),
				('CVS_ABILITY_KADESH_CAVALRY_PUSHBACK', 		'CLASS_HEAVY_CAVALRY'),
				('CVS_ABILITY_SERIC_IRON', 								'CLASS_MELEE'),
				('CVS_ABILITY_SERIC_IRON', 								'CLASS_ANTI_CAVALRY');

--==============
--UNIT ABILITIES
--==============
INSERT INTO UnitAbilities
				(UnitAbilityType, 													Name, 																					Description, 																						Inactive)
VALUES
				('CVS_ABILITY_GUAPONDELIG_HILL_MOVEMENT', 	'LOC_CVS_ABILITY_GUAPONDELIG_HILL_MOVEMENT_NAME', 	'LOC_CVS_ABILITY_GUAPONDELIG_HILL_MOVEMENT_DESCRIPTION', 	1),
				('CVS_ABILITY_GUAPONDELIG_HILL_COMBAT', 		'LOC_CVS_ABILITY_GUAPONDELIG_HILL_COMBAT_NAME', 		'LOC_CVS_ABILITY_GUAPONDELIG_HILL_COMBAT_DESCRIPTION', 		1),
				('CVS_ABILITY_KADESH_CAVALRY_PUSHBACK', 		'LOC_CVS_ABILITY_KADESH_CAVALRY_PUSHBACK_NAME', 		'LOC_CVS_ABILITY_KADESH_CAVALRY_PUSHBACK_DESCRIPTION', 	1),
				('CVS_ABILITY_SERIC_IRON', 								'LOC_CVS_ABILITY_SERIC_IRON_NAME', 								'LOC_CVS_ABILITY_SERIC_IRON_DESCRIPTION', 								0);

INSERT INTO UnitAbilityModifiers
				(UnitAbilityType, 													ModifierId)
VALUES
				('CVS_ABILITY_GUAPONDELIG_HILL_MOVEMENT', 	'CVS_GUAPONDELIG_HILL_MOVEMENT_MODIFIER'),
				('CVS_ABILITY_GUAPONDELIG_HILL_COMBAT', 		'CVS_GUAPONDELIG_HILL_COMBAT_MODIFIER'),
				('CVS_ABILITY_KADESH_CAVALRY_PUSHBACK', 		'CVS_KADESH_CAVALRY_PUSHBACK_MODIFIER'),
				('CVS_ABILITY_SERIC_IRON', 								'CVS_SERIC_IRON_RESOURCE_COMBAT_MODIFIER');

--=========
--MODIFIERS
--=========
INSERT INTO Modifiers
				(ModifierId, 																ModifierType, 																		OwnerRequirementSetId, SubjectRequirementSetId)	
VALUES
				('CVS_GUAPONDELIG_HILL_MOVEMENT_MODIFIER', 	'MODIFIER_PLAYER_UNIT_ADJUST_IGNORE_TERRAIN_COST', 	NULL, NULL),
				('CVS_GUAPONDELIG_HILL_COMBAT_MODIFIER', 		'MODIFIER_UNIT_ADJUST_COMBAT_STRENGTH', 						NULL, 'CVS_GUAPONDELIG_ABIILITY_PLOT_IS_HILLS_REQUIREMENTSET'),
				('CVS_KADESH_CAVALRY_PUSHBACK_MODIFIER', 		'MODIFIER_UNIT_ADJUST_FORCE_RETREAT', 							NULL, NULL),
				('CVS_SERIC_IRON_RESOURCE_COMBAT_MODIFIER',	'MODIFIER_UNIT_ADJUST_COMBAT_STRENGTH', 						NULL, 'CVS_TISSAMAHARAMA_PLAYER_HAS_SERIC_IRON_RESOURCE_REQUIREMENTSET');

INSERT INTO ModifierArguments
				(ModifierId, 															Name, 			Value)
VALUES
				('CVS_GUAPONDELIG_HILL_MOVEMENT_MODIFIER', 'Ignore', 		1),
				('CVS_GUAPONDELIG_HILL_MOVEMENT_MODIFIER', 'Type', 			'HILLS'),
				('CVS_GUAPONDELIG_HILL_COMBAT_MODIFIER', 	'Amount', 		5),
				('CVS_KADESH_CAVALRY_PUSHBACK_MODIFIER', 	'ForceRetreat', 1),
				('CVS_SERIC_IRON_RESOURCE_COMBAT_MODIFIER', 'Amount', 	5);

INSERT INTO ModifierStrings
				(ModifierId,															Context,	Text)
VALUES
				('CVS_GUAPONDELIG_HILL_COMBAT_MODIFIER',	'Preview',	'LOC_CVS_GUAPONDELIG_HILL_COMBAT_MODIFIER_DESCRIPTION'),
				('CVS_SERIC_IRON_RESOURCE_COMBAT_MODIFIER',	'Preview',	'LOC_CVS_ABILITY_SERIC_IRON_COMBAT_MODIFIER_DESCRIPTION');
				
--===============
--REQUIREMENTS
--===============
INSERT INTO RequirementSets
				(RequirementSetId,																			RequirementSetType)
VALUES
				('CVS_GUAPONDELIG_ABIILITY_PLOT_IS_HILLS_REQUIREMENTSET',	'REQUIREMENTSET_TEST_ALL'),
				('CVS_TISSAMAHARAMA_PLAYER_HAS_SERIC_IRON_RESOURCE_REQUIREMENTSET',	'REQUIREMENTSET_TEST_ALL');

INSERT INTO RequirementSetRequirements
				(RequirementSetId,																			RequirementId)
VALUES
				('CVS_GUAPONDELIG_ABIILITY_PLOT_IS_HILLS_REQUIREMENTSET',	'PLOT_IS_HILLS_REQUIREMENT'),
				('CVS_TISSAMAHARAMA_PLAYER_HAS_SERIC_IRON_RESOURCE_REQUIREMENTSET',	'CVS_TISSAMAHARAMA_REQUIRES_PLAYER_HAS_SERIC_IRON_RESOURCE');

INSERT INTO Requirements
				(RequirementId,																				RequirementType,											Inverse)
VALUES
				('CVS_TISSAMAHARAMA_REQUIRES_PLAYER_HAS_SERIC_IRON_RESOURCE',	'REQUIREMENT_PLAYER_HAS_RESOURCE_OWNED',	 0);

INSERT INTO RequirementArguments
				(RequirementId,																				Name,				Value)
VALUES
				('CVS_TISSAMAHARAMA_REQUIRES_PLAYER_HAS_SERIC_IRON_RESOURCE',	'ResourceType',	'CVS_RESOURCE_SERIC_IRON');